风场,风机名称,故障码,故障描述,发生时间,结束时间,故障时长(分),部件位置,故障类别
五里坡公司3号一期风电场,HFJ070,5507,偏航自动解缆中,2019-02-26 05:51:33.000,2019-02-26 06:08:31.000,1018,偏航,故障和告警
五里坡公司3号一期风电场,HFJ070,5922,小风正常停机,2019-02-17 17:09:50.000,2019-02-17 17:10:21.000,31,变流器（控制器部分）,故障和告警
五里坡公司3号一期风电场,HFJ070,5924,风机欠功率,2019-02-12 06:45:23.000,2019-02-12 06:45:51.000,28,变流器（控制器部分）,故障和告警
五里坡公司3号一期风电场,HFJ070,5121,能量管理平台停机,2019-02-10 03:28:12.000,2019-02-10 03:33:58.000,346,控制器,故障和告警
五里坡公司3号一期风电场,HFJ070,5922,小风正常停机,2019-02-04 06:53:56.000,2019-02-04 06:54:34.000,38,变流器（控制器部分）,故障和告警
五里坡公司3号一期风电场,HFJ070,5507,偏航自动解缆中,2019-01-29 19:57:12.000,2019-01-29 20:14:17.000,1025,偏航,故障和告警
五里坡公司3号一期风电场,HFJ070,5505,右扭缆超限,2019-01-29 19:57:12.000,2019-01-29 19:57:53.000,41,偏航,故障和告警
五里坡公司3号一期风电场,HFJ070,5011,主断路器跳闸,2019-01-25 13:15:39.000,2019-01-25 14:32:46.000,4627,安全链,故障和告警
五里坡公司3号一期风电场,HFJ070,5119,机舱手动偏航使能,2019-01-25 13:13:24.000,2019-01-25 14:53:08.000,5984,控制器,故障和告警
五里坡公司3号一期风电场,HFJ070,64025,主控制器安全链输入丢失(OS),2019-01-25 13:13:24.000,2019-01-25 14:32:46.000,4762,控制器,故障和告警
五里坡公司3号一期风电场,HFJ070,5012,安全链1触发,2019-01-25 13:13:24.000,2019-01-25 14:32:46.000,4762,安全链,故障和告警
五里坡公司3号一期风电场,HFJ070,5004,发电机过转速(H),2019-01-25 13:13:24.000,2019-01-25 14:32:46.000,4762,安全链,故障和告警
五里坡公司3号一期风电场,HFJ070,5001,硬件看门狗触发安全链,2019-01-25 13:13:24.000,2019-01-25 14:32:46.000,4762,安全链,故障和告警
五里坡公司3号一期风电场,HFJ070,5941,变流器跳闸,2019-01-25 13:13:24.000,2019-01-25 14:32:46.000,4762,变流器（控制器部分）,故障和告警
五里坡公司3号一期风电场,HFJ070,5005,过振动(H),2019-01-25 13:13:24.000,2019-01-25 14:32:46.000,4762,安全链,故障和告警
五里坡公司3号一期风电场,HFJ070,5003,风轮过转速(H),2019-01-25 13:13:24.000,2019-01-25 14:32:46.000,4762,安全链,故障和告警
五里坡公司3号一期风电场,HFJ070,5002,安全链2触发,2019-01-25 13:13:24.000,2019-01-25 14:32:46.000,4762,安全链,故障和告警
五里坡公司3号一期风电场,HFJ070,5801,高速轴刹车非正常动作,2019-01-25 09:58:25.000,2019-01-25 14:53:08.000,17683,刹车系统,故障和告警
五里坡公司3号一期风电场,HFJ070,5108,维护模式,2019-01-25 09:30:44.000,2019-01-25 15:01:12.000,19828,控制器,故障和告警
五里坡公司3号一期风电场,HFJ070,6501,HMI手动停机,2019-01-25 09:30:17.000,2019-01-25 12:23:01.000,10364,控制器,故障和告警
五里坡公司3号一期风电场,HFJ070,5107,塔基手动正常停机,2019-01-25 09:29:23.000,2019-01-25 09:30:17.000,54,控制器,故障和告警
五里坡公司3号一期风电场,HFJ070,5924,风机欠功率,2019-01-20 05:23:19.000,2019-01-20 05:23:50.000,31,变流器（控制器部分）,故障和告警
五里坡公司3号一期风电场,HFJ070,5507,偏航自动解缆中,2019-01-17 11:23:15.000,2019-01-17 11:40:19.000,1024,偏航,故障和告警
五里坡公司3号一期风电场,HFJ070,5922,小风正常停机,2019-01-16 20:16:59.000,2019-01-16 20:17:48.000,49,变流器（控制器部分）,故障和告警
五里坡公司3号一期风电场,HFJ070,5924,风机欠功率,2019-01-16 03:54:40.000,2019-01-16 03:55:20.000,40,变流器（控制器部分）,故障和告警
五里坡公司3号一期风电场,HFJ070,5924,风机欠功率,2019-01-14 01:37:49.000,2019-01-14 01:38:27.000,38,变流器（控制器部分）,故障和告警
五里坡公司3号一期风电场,HFJ070,5507,偏航自动解缆中,2019-01-09 12:10:05.000,2019-01-09 12:26:48.000,1003,偏航,故障和告警
五里坡公司3号一期风电场,HFJ070,5506,左扭缆超限,2019-01-09 12:09:15.000,2019-01-09 12:10:05.000,50,偏航,故障和告警
五里坡公司3号一期风电场,HFJ070,6411,启机等风超时待机,2019-01-09 12:08:26.000,2019-01-09 12:09:15.000,49,超时,故障和告警
五里坡公司3号一期风电场,HFJ070,5922,小风正常停机,2019-01-06 12:23:39.000,2019-01-06 12:24:28.000,49,变流器（控制器部分）,故障和告警
五里坡公司3号一期风电场,HFJ070,5922,小风正常停机,2019-01-06 09:15:42.000,2019-01-06 09:16:32.000,50,变流器（控制器部分）,故障和告警
五里坡公司3号一期风电场,HFJ070,5924,风机欠功率,2019-01-05 07:16:51.000,2019-01-05 07:17:40.000,49,变流器（控制器部分）,故障和告警
五里坡公司3号一期风电场,HFJ070,5121,能量管理平台停机,2019-01-03 21:51:54.000,2019-01-03 21:59:40.000,466,控制器,故障和告警
五里坡公司3号一期风电场,HFJ070,5924,风机欠功率,2018-12-31 20:02:15.000,2018-12-31 20:02:54.000,39,变流器（控制器部分）,故障和告警
五里坡公司3号一期风电场,HFJ070,5121,能量管理平台停机,2018-12-31 12:00:14.000,2018-12-31 12:00:52.000,38,控制器,故障和告警
五里坡公司3号一期风电场,HFJ070,5922,小风正常停机,2018-12-29 10:00:37.000,2018-12-29 10:01:19.000,42,变流器（控制器部分）,故障和告警
五里坡公司3号一期风电场,HFJ070,5480,桨叶3充电器故障,2018-12-11 16:53:47.000,2018-12-11 16:54:30.000,43,桨叶硬件,故障和告警
五里坡公司3号一期风电场,HFJ070,5455,桨叶3电机ptc触发,2018-12-11 16:53:47.000,2018-12-11 16:54:30.000,43,桨叶硬件,故障和告警
五里坡公司3号一期风电场,HFJ070,5485,桨叶3刹车电压故障,2018-12-11 16:53:47.000,2018-12-11 16:54:30.000,43,桨叶硬件,故障和告警
五里坡公司3号一期风电场,HFJ070,5509,机舱位置标定中,2018-12-11 16:53:47.000,2018-12-11 17:10:23.000,996,偏航,故障和告警
五里坡公司3号一期风电场,HFJ070,6105,桨叶1BTB错误,2018-12-11 16:53:47.000,2018-12-11 16:54:30.000,43,桨叶软件,故障和告警
五里坡公司3号一期风电场,HFJ070,5002,安全链2触发,2018-12-11 16:53:47.000,2018-12-11 16:54:30.000,43,安全链,故障和告警
五里坡公司3号一期风电场,HFJ070,5437,变桨系统内部硬件连接故障,2018-12-11 16:53:47.000,2018-12-11 16:54:30.000,43,桨叶硬件,故障和告警
五里坡公司3号一期风电场,HFJ070,5443,桨叶1电机ptc故障,2018-12-11 16:53:47.000,2018-12-11 16:54:30.000,43,桨叶硬件,故障和告警
五里坡公司3号一期风电场,HFJ070,5449,桨叶3限位开关95度触发,2018-12-11 16:53:47.000,2018-12-11 16:54:30.000,43,桨叶硬件,故障和告警
五里坡公司3号一期风电场,HFJ070,5479,桨叶2充电器故障,2018-12-11 16:53:47.000,2018-12-11 16:54:30.000,43,桨叶硬件,故障和告警
五里坡公司3号一期风电场,HFJ070,6107,桨叶3BTB错误,2018-12-11 16:53:47.000,2018-12-11 16:54:30.000,43,桨叶软件,故障和告警
五里坡公司3号一期风电场,HFJ070,5484,桨叶2刹车电压故障,2018-12-11 16:53:47.000,2018-12-11 16:54:30.000,43,桨叶硬件,故障和告警
五里坡公司3号一期风电场,HFJ070,5481,桨叶2断路器跳闸,2018-12-11 16:53:47.000,2018-12-11 16:54:30.000,43,桨叶硬件,故障和告警
五里坡公司3号一期风电场,HFJ070,5478,桨叶1充电器故障,2018-12-11 16:53:47.000,2018-12-11 16:54:30.000,43,桨叶硬件,故障和告警
五里坡公司3号一期风电场,HFJ070,6106,桨叶2BTB错误,2018-12-11 16:53:47.000,2018-12-11 16:54:30.000,43,桨叶软件,故障和告警
五里坡公司3号一期风电场,HFJ070,5482,桨叶2充电传感器故障,2018-12-11 16:53:47.000,2018-12-11 16:54:30.000,43,桨叶硬件,故障和告警
五里坡公司3号一期风电场,HFJ070,5483,桨叶1刹车电压故障,2018-12-11 16:53:47.000,2018-12-11 16:54:30.000,43,桨叶硬件,故障和告警
五里坡公司3号一期风电场,HFJ070,64037,非正常关机(OS),2018-12-11 16:53:47.000,2018-12-11 16:54:30.000,43,控制器,故障和告警
五里坡公司3号一期风电场,HFJ070,6501,HMI手动停机,2018-12-11 16:50:02.000,2018-12-11 16:53:47.000,225,控制器,故障和告警
五里坡公司3号一期风电场,HFJ070,5121,能量管理平台停机,2018-12-11 10:37:20.000,2018-12-11 10:43:31.000,371,控制器,故障和告警
五里坡公司3号一期风电场,HFJ070,5507,偏航自动解缆中,2018-12-04 14:01:01.000,2018-12-04 14:17:53.000,1012,偏航,故障和告警
五里坡公司3号一期风电场,HFJ070,5506,左扭缆超限,2018-12-04 14:00:35.000,2018-12-04 14:01:01.000,26,偏航,故障和告警
五里坡公司3号一期风电场,HFJ070,5922,小风正常停机,2018-12-04 11:20:59.000,2018-12-04 11:21:44.000,45,变流器（控制器部分）,故障和告警
五里坡公司3号一期风电场,HFJ070,5924,风机欠功率,2018-11-30 02:40:47.000,2018-11-30 02:41:34.000,47,变流器（控制器部分）,故障和告警
五里坡公司3号一期风电场,HFJ070,5924,风机欠功率,2018-11-28 05:06:08.000,2018-11-28 05:06:51.000,43,变流器（控制器部分）,故障和告警
五里坡公司3号一期风电场,HFJ070,5922,小风正常停机,2018-11-26 16:24:05.000,2018-11-26 16:24:46.000,41,变流器（控制器部分）,故障和告警
五里坡公司3号一期风电场,HFJ070,5922,小风正常停机,2018-11-21 14:53:55.000,2018-11-21 14:54:39.000,44,变流器（控制器部分）,故障和告警
五里坡公司3号一期风电场,HFJ070,5922,小风正常停机,2018-11-21 13:55:38.000,2018-11-21 13:56:17.000,39,变流器（控制器部分）,故障和告警
五里坡公司3号一期风电场,HFJ070,5924,风机欠功率,2018-11-19 19:06:34.000,2018-11-19 19:07:20.000,46,变流器（控制器部分）,故障和告警
五里坡公司3号一期风电场,HFJ070,6504,风轮锁紧销未退出,2018-11-19 10:00:29.000,2018-11-19 10:22:42.000,1333,其他,故障和告警
五里坡公司3号一期风电场,HFJ070,5712,发电机冷却风扇断路器跳闸,2018-11-19 09:54:43.000,2018-11-19 10:22:42.000,1679,发电机,故障和告警
五里坡公司3号一期风电场,HFJ070,5108,维护模式,2018-11-19 09:45:51.000,2018-11-19 10:22:42.000,2211,控制器,故障和告警
五里坡公司3号一期风电场,HFJ070,5107,塔基手动正常停机,2018-11-19 09:44:34.000,2018-11-19 10:26:59.000,2545,控制器,故障和告警
五里坡公司3号一期风电场,HFJ070,5507,偏航自动解缆中,2018-11-16 13:10:39.000,2018-11-16 13:27:56.000,1037,偏航,故障和告警
五里坡公司3号一期风电场,HFJ070,5506,左扭缆超限,2018-11-16 13:10:39.000,2018-11-16 13:11:22.000,43,偏航,故障和告警
五里坡公司3号一期风电场,HFJ070,5505,右扭缆超限,2018-11-15 00:14:03.000,2018-11-15 00:14:45.000,42,偏航,故障和告警
五里坡公司3号一期风电场,HFJ070,5507,偏航自动解缆中,2018-11-15 00:14:03.000,2018-11-15 00:30:59.000,1016,偏航,故障和告警
五里坡公司3号一期风电场,HFJ070,5507,偏航自动解缆中,2018-11-12 15:39:28.000,2018-11-12 15:56:31.000,1023,偏航,故障和告警
五里坡公司3号一期风电场,HFJ070,5507,偏航自动解缆中,2018-11-11 14:51:03.000,2018-11-11 15:07:34.000,991,偏航,故障和告警
五里坡公司3号一期风电场,HFJ070,5108,维护模式,2018-11-05 13:44:33.000,2018-11-05 15:37:45.000,6792,控制器,故障和告警
五里坡公司3号一期风电场,HFJ070,5107,塔基手动正常停机,2018-11-05 13:44:33.000,2018-11-05 15:37:45.000,6792,控制器,故障和告警
五里坡公司3号一期风电场,HFJ070,5480,桨叶3充电器故障,2018-11-01 15:23:45.000,2018-11-01 15:27:39.000,234,桨叶硬件,故障和告警
五里坡公司3号一期风电场,HFJ070,5485,桨叶3刹车电压故障,2018-11-01 15:23:45.000,2018-11-01 15:27:39.000,234,桨叶硬件,故障和告警
五里坡公司3号一期风电场,HFJ070,1029,以太网接收故障,2018-11-01 15:23:45.000,2018-11-01 15:27:39.000,234,其他,故障和告警
五里坡公司3号一期风电场,HFJ070,5481,桨叶2断路器跳闸,2018-11-01 15:23:45.000,2018-11-01 15:27:39.000,234,桨叶硬件,故障和告警
五里坡公司3号一期风电场,HFJ070,5002,安全链2触发,2018-11-01 15:23:45.000,2018-11-01 15:27:39.000,234,安全链,故障和告警
五里坡公司3号一期风电场,HFJ070,5478,桨叶1充电器故障,2018-11-01 15:23:45.000,2018-11-01 15:27:39.000,234,桨叶硬件,故障和告警
五里坡公司3号一期风电场,HFJ070,5484,桨叶2刹车电压故障,2018-11-01 15:23:45.000,2018-11-01 15:27:39.000,234,桨叶硬件,故障和告警
五里坡公司3号一期风电场,HFJ070,5432,变桨系统通讯故障,2018-11-01 15:23:45.000,2018-11-01 15:27:39.000,234,桨叶硬件,故障和告警
五里坡公司3号一期风电场,HFJ070,5509,机舱位置标定中,2018-11-01 15:23:45.000,2018-11-01 15:33:39.000,594,偏航,故障和告警
五里坡公司3号一期风电场,HFJ070,5437,变桨系统内部硬件连接故障,2018-11-01 15:23:45.000,2018-11-01 15:27:39.000,234,桨叶硬件,故障和告警
五里坡公司3号一期风电场,HFJ070,5479,桨叶2充电器故障,2018-11-01 15:23:45.000,2018-11-01 15:27:39.000,234,桨叶硬件,故障和告警
五里坡公司3号一期风电场,HFJ070,5482,桨叶2充电传感器故障,2018-11-01 15:23:45.000,2018-11-01 15:27:39.000,234,桨叶硬件,故障和告警
五里坡公司3号一期风电场,HFJ070,5483,桨叶1刹车电压故障,2018-11-01 15:23:45.000,2018-11-01 15:27:39.000,234,桨叶硬件,故障和告警
五里坡公司3号一期风电场,HFJ070,5953,变流器直流母线过压 ,2018-10-28 14:02:24.000,2018-11-01 15:23:45.000,350481,变流器（控制器部分）,故障和告警
五里坡公司3号一期风电场,HFJ070,5949,变流器网侧线电压过压,2018-10-28 14:02:24.000,2018-11-01 15:23:45.000,350481,变流器（控制器部分）,故障和告警
五里坡公司3号一期风电场,HFJ070,5941,变流器跳闸,2018-10-28 14:02:24.000,2018-11-01 15:23:45.000,350481,变流器（控制器部分）,故障和告警
五里坡公司3号一期风电场,HFJ070,5009,机舱安全停按钮触发,2018-10-27 17:45:47.000,2018-10-27 17:57:45.000,718,安全链,故障和告警
五里坡公司3号一期风电场,HFJ070,5011,主断路器跳闸,2018-10-27 10:12:33.000,2018-10-27 17:57:45.000,27912,安全链,故障和告警
五里坡公司3号一期风电场,HFJ070,5119,机舱手动偏航使能,2018-10-27 10:12:33.000,2018-10-27 17:57:45.000,27912,控制器,故障和告警
五里坡公司3号一期风电场,HFJ070,64025,主控制器安全链输入丢失(OS),2018-10-27 10:12:33.000,2018-10-27 17:57:45.000,27912,控制器,故障和告警
五里坡公司3号一期风电场,HFJ070,5003,风轮过转速(H),2018-10-27 10:12:33.000,2018-10-27 17:57:45.000,27912,安全链,故障和告警
五里坡公司3号一期风电场,HFJ070,5006,机舱紧停按钮触发,2018-10-27 10:12:33.000,2018-10-27 17:57:45.000,27912,安全链,故障和告警
五里坡公司3号一期风电场,HFJ070,5012,安全链1触发,2018-10-27 10:12:33.000,2018-10-27 17:57:45.000,27912,安全链,故障和告警
五里坡公司3号一期风电场,HFJ070,5005,过振动(H),2018-10-27 10:12:33.000,2018-10-27 17:57:45.000,27912,安全链,故障和告警
五里坡公司3号一期风电场,HFJ070,5004,发电机过转速(H),2018-10-27 10:12:33.000,2018-10-27 17:57:45.000,27912,安全链,故障和告警
五里坡公司3号一期风电场,HFJ070,5010,安全继电器触发,2018-10-27 10:12:33.000,2018-10-27 17:57:45.000,27912,安全链,故障和告警
五里坡公司3号一期风电场,HFJ070,5108,维护模式,2018-10-27 10:12:33.000,2018-10-27 18:04:49.000,28336,控制器,故障和告警
五里坡公司3号一期风电场,HFJ070,5941,变流器跳闸,2018-10-27 10:12:33.000,2018-10-27 16:44:35.000,23522,变流器（控制器部分）,故障和告警
五里坡公司3号一期风电场,HFJ070,5001,硬件看门狗触发安全链,2018-10-27 10:12:33.000,2018-10-27 17:57:45.000,27912,安全链,故障和告警
五里坡公司3号一期风电场,HFJ070,5002,安全链2触发,2018-10-27 10:12:33.000,2018-10-27 17:57:45.000,27912,安全链,故障和告警
五里坡公司3号一期风电场,HFJ070,5801,高速轴刹车非正常动作,2018-10-27 09:38:41.000,2018-10-27 16:44:35.000,25554,刹车系统,故障和告警
五里坡公司3号一期风电场,HFJ070,5107,塔基手动正常停机,2018-10-27 09:23:41.000,2018-10-27 16:44:35.000,26454,控制器,故障和告警
五里坡公司3号一期风电场,HFJ070,5505,右扭缆超限,2018-10-14 17:06:28.000,2018-10-14 17:07:15.000,47,偏航,故障和告警
五里坡公司3号一期风电场,HFJ070,5507,偏航自动解缆中,2018-10-14 17:06:28.000,2018-10-14 17:24:29.000,1081,偏航,故障和告警
五里坡公司3号一期风电场,HFJ070,5924,风机欠功率,2018-10-13 05:45:28.000,2018-10-13 05:46:10.000,42,变流器（控制器部分）,故障和告警
五里坡公司3号一期风电场,HFJ070,5922,小风正常停机,2018-10-11 08:33:20.000,2018-10-11 08:33:46.000,26,变流器（控制器部分）,故障和告警
五里坡公司3号一期风电场,HFJ070,5922,小风正常停机,2018-10-11 05:53:43.000,2018-10-11 05:54:09.000,26,变流器（控制器部分）,故障和告警
五里坡公司3号一期风电场,HFJ070,5924,风机欠功率,2018-10-10 03:27:24.000,2018-10-10 03:27:52.000,28,变流器（控制器部分）,故障和告警
五里坡公司3号一期风电场,HFJ070,5922,小风正常停机,2018-10-09 16:42:07.000,2018-10-09 16:42:33.000,26,变流器（控制器部分）,故障和告警
五里坡公司3号一期风电场,HFJ070,5507,偏航自动解缆中,2018-10-08 20:42:50.000,2018-10-08 21:00:47.000,1077,偏航,故障和告警
五里坡公司3号一期风电场,HFJ070,5505,右扭缆超限,2018-10-08 20:42:50.000,2018-10-08 20:43:32.000,42,偏航,故障和告警
五里坡公司3号一期风电场,HFJ070,5507,偏航自动解缆中,2018-10-05 10:45:15.000,2018-10-05 11:01:26.000,971,偏航,故障和告警
五里坡公司3号一期风电场,HFJ070,5505,右扭缆超限,2018-10-05 10:44:35.000,2018-10-05 10:45:15.000,40,偏航,故障和告警
五里坡公司3号一期风电场,HFJ070,5507,偏航自动解缆中,2018-10-04 14:24:12.000,2018-10-04 14:40:56.000,1004,偏航,故障和告警
五里坡公司3号一期风电场,HFJ070,5922,小风正常停机,2018-10-03 14:57:53.000,2018-10-03 14:58:33.000,40,变流器（控制器部分）,故障和告警
五里坡公司3号一期风电场,HFJ070,5924,风机欠功率,2018-10-01 05:10:14.000,2018-10-01 05:11:01.000,47,变流器（控制器部分）,故障和告警
五里坡公司3号一期风电场,HFJ070,5801,高速轴刹车非正常动作,2018-09-22 09:56:33.000,2018-09-22 12:03:45.000,7632,刹车系统,故障和告警
五里坡公司3号一期风电场,HFJ070,5108,维护模式,2018-09-22 09:40:08.000,2018-09-22 12:03:45.000,8617,控制器,故障和告警
五里坡公司3号一期风电场,HFJ070,5107,塔基手动正常停机,2018-09-22 09:40:08.000,2018-09-22 12:03:45.000,8617,控制器,故障和告警
五里坡公司3号一期风电场,HFJ070,5507,偏航自动解缆中,2018-09-22 04:44:23.000,2018-09-22 05:01:17.000,1014,偏航,故障和告警
五里坡公司3号一期风电场,HFJ070,5121,能量管理平台停机,2018-09-21 18:11:14.000,2018-09-21 18:22:21.000,667,控制器,故障和告警
五里坡公司3号一期风电场,HFJ070,5011,主断路器跳闸,2018-09-18 11:36:28.000,2018-09-18 11:44:26.000,478,安全链,故障和告警
五里坡公司3号一期风电场,HFJ070,5941,变流器跳闸,2018-09-18 11:36:28.000,2018-09-18 11:44:26.000,478,变流器（控制器部分）,故障和告警
五里坡公司3号一期风电场,HFJ070,5010,安全继电器触发,2018-09-18 11:36:28.000,2018-09-18 11:44:26.000,478,安全链,故障和告警
五里坡公司3号一期风电场,HFJ070,5007,塔底紧停按钮触发,2018-09-18 11:36:28.000,2018-09-18 11:44:26.000,478,安全链,故障和告警
五里坡公司3号一期风电场,HFJ070,5004,发电机过转速(H),2018-09-18 11:36:28.000,2018-09-18 11:44:26.000,478,安全链,故障和告警
五里坡公司3号一期风电场,HFJ070,5002,安全链2触发,2018-09-18 11:36:28.000,2018-09-18 11:44:26.000,478,安全链,故障和告警
五里坡公司3号一期风电场,HFJ070,64025,主控制器安全链输入丢失(OS),2018-09-18 11:36:28.000,2018-09-18 11:44:26.000,478,控制器,故障和告警
五里坡公司3号一期风电场,HFJ070,5005,过振动(H),2018-09-18 11:36:28.000,2018-09-18 11:44:26.000,478,安全链,故障和告警
五里坡公司3号一期风电场,HFJ070,5119,机舱手动偏航使能,2018-09-18 11:36:28.000,2018-09-18 11:44:26.000,478,控制器,故障和告警
五里坡公司3号一期风电场,HFJ070,5003,风轮过转速(H),2018-09-18 11:36:28.000,2018-09-18 11:44:26.000,478,安全链,故障和告警
五里坡公司3号一期风电场,HFJ070,5108,维护模式,2018-09-18 11:36:28.000,2018-09-18 11:44:26.000,478,控制器,故障和告警
五里坡公司3号一期风电场,HFJ070,5001,硬件看门狗触发安全链,2018-09-18 11:36:28.000,2018-09-18 11:44:26.000,478,安全链,故障和告警
五里坡公司3号一期风电场,HFJ070,5012,安全链1触发,2018-09-18 11:36:28.000,2018-09-18 11:44:26.000,478,安全链,故障和告警
五里坡公司3号一期风电场,HFJ070,5505,右扭缆超限,2018-09-12 13:17:04.000,2018-09-12 13:17:42.000,38,偏航,故障和告警
五里坡公司3号一期风电场,HFJ070,5507,偏航自动解缆中,2018-09-12 13:17:04.000,2018-09-12 13:34:07.000,1023,偏航,故障和告警
五里坡公司3号一期风电场,HFJ070,5507,偏航自动解缆中,2018-09-10 19:15:59.000,2018-09-10 19:32:43.000,1004,偏航,故障和告警
五里坡公司3号一期风电场,HFJ070,5507,偏航自动解缆中,2018-09-07 13:07:46.000,2018-09-07 13:25:29.000,1063,偏航,故障和告警
五里坡公司3号一期风电场,HFJ070,5505,右扭缆超限,2018-09-07 13:07:46.000,2018-09-07 13:08:30.000,44,偏航,故障和告警
五里坡公司3号一期风电场,HFJ070,5507,偏航自动解缆中,2018-09-06 05:25:38.000,2018-09-06 05:42:32.000,1014,偏航,故障和告警
五里坡公司3号一期风电场,HFJ070,5505,右扭缆超限,2018-09-06 05:25:38.000,2018-09-06 05:26:24.000,46,偏航,故障和告警
五里坡公司3号一期风电场,HFJ070,5922,小风正常停机,2018-09-04 07:45:41.000,2018-09-04 07:46:20.000,39,变流器（控制器部分）,故障和告警
五里坡公司3号一期风电场,HFJ070,5922,小风正常停机,2018-08-26 09:15:31.000,2018-08-26 09:15:59.000,28,变流器（控制器部分）,故障和告警
五里坡公司3号一期风电场,HFJ070,5922,小风正常停机,2018-08-24 10:15:52.000,2018-08-24 10:16:30.000,38,变流器（控制器部分）,故障和告警
五里坡公司3号一期风电场,HFJ070,5507,偏航自动解缆中,2018-08-20 12:02:58.000,2018-08-20 12:19:55.000,1017,偏航,故障和告警
五里坡公司3号一期风电场,HFJ070,5505,右扭缆超限,2018-08-20 12:02:58.000,2018-08-20 12:03:36.000,38,偏航,故障和告警
五里坡公司3号一期风电场,HFJ070,5922,小风正常停机,2018-08-19 13:48:50.000,2018-08-19 13:49:35.000,45,变流器（控制器部分）,故障和告警
五里坡公司3号一期风电场,HFJ070,5004,发电机过转速(H),2018-08-18 09:42:56.000,2018-08-18 17:14:33.000,27097,安全链,故障和告警
五里坡公司3号一期风电场,HFJ070,5011,主断路器跳闸,2018-08-18 09:42:56.000,2018-08-18 17:14:33.000,27097,安全链,故障和告警
五里坡公司3号一期风电场,HFJ070,5010,安全继电器触发,2018-08-18 09:42:56.000,2018-08-18 17:14:33.000,27097,安全链,故障和告警
五里坡公司3号一期风电场,HFJ070,5119,机舱手动偏航使能,2018-08-18 09:42:56.000,2018-08-18 17:14:33.000,27097,控制器,故障和告警
五里坡公司3号一期风电场,HFJ070,64025,主控制器安全链输入丢失(OS),2018-08-18 09:42:56.000,2018-08-18 17:14:33.000,27097,控制器,故障和告警
五里坡公司3号一期风电场,HFJ070,5001,硬件看门狗触发安全链,2018-08-18 09:42:56.000,2018-08-18 17:14:33.000,27097,安全链,故障和告警
五里坡公司3号一期风电场,HFJ070,5012,安全链1触发,2018-08-18 09:42:56.000,2018-08-18 17:14:33.000,27097,安全链,故障和告警
五里坡公司3号一期风电场,HFJ070,5003,风轮过转速(H),2018-08-18 09:42:56.000,2018-08-18 17:14:33.000,27097,安全链,故障和告警
五里坡公司3号一期风电场,HFJ070,5005,过振动(H),2018-08-18 09:42:56.000,2018-08-18 17:14:33.000,27097,安全链,故障和告警
五里坡公司3号一期风电场,HFJ070,5002,安全链2触发,2018-08-18 09:42:56.000,2018-08-18 17:14:33.000,27097,安全链,故障和告警
五里坡公司3号一期风电场,HFJ070,5006,机舱紧停按钮触发,2018-08-18 09:42:56.000,2018-08-18 17:14:33.000,27097,安全链,故障和告警
五里坡公司3号一期风电场,HFJ070,5801,高速轴刹车非正常动作,2018-08-18 09:42:17.000,2018-08-18 17:14:33.000,27136,刹车系统,故障和告警
五里坡公司3号一期风电场,HFJ070,5002,安全链2触发,2018-08-18 09:31:57.000,2018-08-18 09:41:36.000,579,安全链,故障和告警
五里坡公司3号一期风电场,HFJ070,5010,安全继电器触发,2018-08-18 09:31:57.000,2018-08-18 09:41:36.000,579,安全链,故障和告警
五里坡公司3号一期风电场,HFJ070,5119,机舱手动偏航使能,2018-08-18 09:31:57.000,2018-08-18 09:41:36.000,579,控制器,故障和告警
五里坡公司3号一期风电场,HFJ070,5005,过振动(H),2018-08-18 09:31:57.000,2018-08-18 09:41:36.000,579,安全链,故障和告警
五里坡公司3号一期风电场,HFJ070,5006,机舱紧停按钮触发,2018-08-18 09:31:57.000,2018-08-18 09:41:36.000,579,安全链,故障和告警
五里坡公司3号一期风电场,HFJ070,5001,硬件看门狗触发安全链,2018-08-18 09:31:57.000,2018-08-18 09:41:36.000,579,安全链,故障和告警
五里坡公司3号一期风电场,HFJ070,5941,变流器跳闸,2018-08-18 09:31:57.000,2018-08-18 09:41:36.000,579,变流器（控制器部分）,故障和告警
五里坡公司3号一期风电场,HFJ070,64025,主控制器安全链输入丢失(OS),2018-08-18 09:31:57.000,2018-08-18 09:41:36.000,579,控制器,故障和告警
五里坡公司3号一期风电场,HFJ070,5108,维护模式,2018-08-18 09:31:57.000,2018-08-18 17:14:33.000,27756,控制器,故障和告警
五里坡公司3号一期风电场,HFJ070,5003,风轮过转速(H),2018-08-18 09:31:57.000,2018-08-18 09:41:36.000,579,安全链,故障和告警
五里坡公司3号一期风电场,HFJ070,5012,安全链1触发,2018-08-18 09:31:57.000,2018-08-18 09:41:36.000,579,安全链,故障和告警
五里坡公司3号一期风电场,HFJ070,5004,发电机过转速(H),2018-08-18 09:31:57.000,2018-08-18 09:41:36.000,579,安全链,故障和告警
五里坡公司3号一期风电场,HFJ070,5011,主断路器跳闸,2018-08-18 09:31:57.000,2018-08-18 09:41:36.000,579,安全链,故障和告警
五里坡公司3号一期风电场,HFJ070,5107,塔基手动正常停机,2018-08-18 09:19:08.000,2018-08-18 09:41:36.000,1348,控制器,故障和告警
五里坡公司3号一期风电场,HFJ070,5507,偏航自动解缆中,2018-08-17 09:18:20.000,2018-08-17 09:35:23.000,1023,偏航,故障和告警
五里坡公司3号一期风电场,HFJ070,5505,右扭缆超限,2018-08-17 09:18:20.000,2018-08-17 09:19:05.000,45,偏航,故障和告警
五里坡公司3号一期风电场,HFJ070,6411,启机等风超时待机,2018-08-17 07:04:38.000,2018-08-17 07:05:18.000,40,超时,故障和告警
五里坡公司3号一期风电场,HFJ070,5922,小风正常停机,2018-08-14 17:41:04.000,2018-08-14 17:41:52.000,48,变流器（控制器部分）,故障和告警
五里坡公司3号一期风电场,HFJ070,5712,发电机冷却风扇断路器跳闸,2018-08-12 17:26:06.000,2018-08-12 17:29:07.000,181,发电机,故障和告警
五里坡公司3号一期风电场,HFJ070,5007,塔底紧停按钮触发,2018-08-12 17:26:06.000,2018-08-12 17:29:07.000,181,安全链,故障和告警
五里坡公司3号一期风电场,HFJ070,5475,5min平均桨距角3超限,2018-08-12 15:53:20.000,2018-08-12 17:26:06.000,5566,桨叶硬件,故障和告警
五里坡公司3号一期风电场,HFJ070,5464,桨叶 3 0.5s平均桨距角超限,2018-08-12 15:27:53.000,2018-08-12 17:26:06.000,7093,桨叶硬件,故障和告警
五里坡公司3号一期风电场,HFJ070,5417,桨叶3限位开关触发误报,2018-08-12 15:27:53.000,2018-08-12 17:26:06.000,7093,桨叶软件,故障和告警
五里坡公司3号一期风电场,HFJ070,5448,桨叶3限位开关95度触发,2018-08-12 15:27:53.000,2018-08-12 17:26:06.000,7093,桨叶硬件,故障和告警
五里坡公司3号一期风电场,HFJ070,5423,桨叶3备用限位开关触发误报,2018-08-12 15:27:53.000,2018-08-12 17:26:06.000,7093,桨叶软件,故障和告警
五里坡公司3号一期风电场,HFJ070,5001,硬件看门狗触发安全链,2018-08-12 09:28:43.000,2018-08-12 17:29:07.000,28824,安全链,故障和告警
五里坡公司3号一期风电场,HFJ070,5002,安全链2触发,2018-08-12 09:28:43.000,2018-08-12 17:29:07.000,28824,安全链,故障和告警
五里坡公司3号一期风电场,HFJ070,5010,安全继电器触发,2018-08-12 09:28:43.000,2018-08-12 17:29:07.000,28824,安全链,故障和告警
五里坡公司3号一期风电场,HFJ070,64025,主控制器安全链输入丢失(OS),2018-08-12 09:28:43.000,2018-08-12 17:29:07.000,28824,控制器,故障和告警
五里坡公司3号一期风电场,HFJ070,5005,过振动(H),2018-08-12 09:28:43.000,2018-08-12 17:29:07.000,28824,安全链,故障和告警
五里坡公司3号一期风电场,HFJ070,5108,维护模式,2018-08-12 09:28:43.000,2018-08-12 17:35:11.000,29188,控制器,故障和告警
五里坡公司3号一期风电场,HFJ070,5119,机舱手动偏航使能,2018-08-12 09:28:43.000,2018-08-12 17:29:07.000,28824,控制器,故障和告警
五里坡公司3号一期风电场,HFJ070,5012,安全链1触发,2018-08-12 09:28:43.000,2018-08-12 17:29:07.000,28824,安全链,故障和告警
五里坡公司3号一期风电场,HFJ070,5003,风轮过转速(H),2018-08-12 09:28:43.000,2018-08-12 17:29:07.000,28824,安全链,故障和告警
五里坡公司3号一期风电场,HFJ070,5941,变流器跳闸,2018-08-12 09:28:43.000,2018-08-12 17:26:06.000,28643,变流器（控制器部分）,故障和告警
五里坡公司3号一期风电场,HFJ070,5011,主断路器跳闸,2018-08-12 09:28:43.000,2018-08-12 17:29:07.000,28824,安全链,故障和告警
五里坡公司3号一期风电场,HFJ070,5006,机舱紧停按钮触发,2018-08-12 09:28:43.000,2018-08-12 17:26:06.000,28643,安全链,故障和告警
五里坡公司3号一期风电场,HFJ070,5004,发电机过转速(H),2018-08-12 09:28:43.000,2018-08-12 17:29:07.000,28824,安全链,故障和告警
五里坡公司3号一期风电场,HFJ070,5712,发电机冷却风扇断路器跳闸,2018-08-12 09:27:59.000,2018-08-12 15:53:20.000,23121,发电机,故障和告警
五里坡公司3号一期风电场,HFJ070,5620,齿轮箱冷却风扇断路器跳闸,2018-08-12 09:27:59.000,2018-08-12 17:29:07.000,28868,齿轮箱,故障和告警
五里坡公司3号一期风电场,HFJ070,5107,塔基手动正常停机,2018-08-12 09:16:21.000,2018-08-12 17:29:07.000,29566,控制器,故障和告警
五里坡公司3号一期风电场,HFJ070,5922,小风正常停机,2018-08-11 02:28:39.000,2018-08-11 02:29:25.000,46,变流器（控制器部分）,故障和告警
五里坡公司3号一期风电场,HFJ070,5480,桨叶3充电器故障,2018-08-08 20:43:09.000,2018-08-08 21:04:25.000,1276,桨叶硬件,故障和告警
五里坡公司3号一期风电场,HFJ070,5437,变桨系统内部硬件连接故障,2018-08-08 20:43:09.000,2018-08-08 21:04:25.000,1276,桨叶硬件,故障和告警
五里坡公司3号一期风电场,HFJ070,5481,桨叶2断路器跳闸,2018-08-08 20:43:09.000,2018-08-08 21:04:25.000,1276,桨叶硬件,故障和告警
五里坡公司3号一期风电场,HFJ070,5509,机舱位置标定中,2018-08-08 20:43:09.000,2018-08-08 21:09:38.000,1589,偏航,故障和告警
五里坡公司3号一期风电场,HFJ070,5002,安全链2触发,2018-08-08 20:43:09.000,2018-08-08 21:05:11.000,1322,安全链,故障和告警
五里坡公司3号一期风电场,HFJ070,5483,桨叶1刹车电压故障,2018-08-08 20:43:09.000,2018-08-08 21:04:25.000,1276,桨叶硬件,故障和告警
五里坡公司3号一期风电场,HFJ070,5484,桨叶2刹车电压故障,2018-08-08 20:43:09.000,2018-08-08 21:04:25.000,1276,桨叶硬件,故障和告警
五里坡公司3号一期风电场,HFJ070,6508,UPS保护关机,2018-08-08 20:43:09.000,2018-08-08 20:44:02.000,53,其他,故障和告警
五里坡公司3号一期风电场,HFJ070,6507,UPS逆变故障,2018-08-08 20:43:09.000,2018-08-08 20:44:02.000,53,其他,故障和告警
五里坡公司3号一期风电场,HFJ070,5485,桨叶3刹车电压故障,2018-08-08 20:43:09.000,2018-08-08 21:04:25.000,1276,桨叶硬件,故障和告警
五里坡公司3号一期风电场,HFJ070,1029,以太网接收故障,2018-08-08 20:43:09.000,2018-08-08 21:04:25.000,1276,其他,故障和告警
五里坡公司3号一期风电场,HFJ070,5482,桨叶2充电传感器故障,2018-08-08 20:43:09.000,2018-08-08 21:04:25.000,1276,桨叶硬件,故障和告警
五里坡公司3号一期风电场,HFJ070,5479,桨叶2充电器故障,2018-08-08 20:43:09.000,2018-08-08 21:04:25.000,1276,桨叶硬件,故障和告警
五里坡公司3号一期风电场,HFJ070,5432,变桨系统通讯故障,2018-08-08 20:43:09.000,2018-08-08 21:04:25.000,1276,桨叶硬件,故障和告警
五里坡公司3号一期风电场,HFJ070,5478,桨叶1充电器故障,2018-08-08 20:43:09.000,2018-08-08 21:04:25.000,1276,桨叶硬件,故障和告警
五里坡公司3号一期风电场,HFJ070,111,电网电压低,2018-08-06 07:22:45.000,2018-08-08 20:46:21.000,221016,电网,故障和告警
五里坡公司3号一期风电场,HFJ070,102,电网电压跌落,2018-08-06 07:22:45.000,2018-08-08 20:46:21.000,221016,电网,故障和告警
五里坡公司3号一期风电场,HFJ070,5109,SCADA停机,2018-08-06 06:47:12.000,2018-08-08 20:43:09.000,222957,控制器,故障和告警
五里坡公司3号一期风电场,HFJ070,5507,偏航自动解缆中,2018-08-05 20:02:30.000,2018-08-05 20:19:10.000,1000,偏航,故障和告警
五里坡公司3号一期风电场,HFJ070,5712,发电机冷却风扇断路器跳闸,2018-07-30 11:49:58.000,2018-07-30 12:59:27.000,4169,发电机,故障和告警
五里坡公司3号一期风电场,HFJ070,5801,高速轴刹车非正常动作,2018-07-30 11:49:58.000,2018-07-30 12:46:49.000,3411,刹车系统,故障和告警
五里坡公司3号一期风电场,HFJ070,5474,5min平均桨距角2超限,2018-07-30 11:41:29.000,2018-07-30 11:49:58.000,509,桨叶硬件,故障和告警
五里坡公司3号一期风电场,HFJ070,5463,桨叶 2 0.5s平均桨距角超限,2018-07-30 11:36:19.000,2018-07-30 11:49:58.000,819,桨叶硬件,故障和告警
五里坡公司3号一期风电场,HFJ070,5473,5min平均桨距角1超限,2018-07-30 11:29:20.000,2018-07-30 11:49:58.000,1238,桨叶硬件,故障和告警
五里坡公司3号一期风电场,HFJ070,5462,桨叶 1 0.5s平均桨距角超限,2018-07-30 11:24:02.000,2018-07-30 11:49:58.000,1556,桨叶硬件,故障和告警
五里坡公司3号一期风电场,HFJ070,5006,机舱紧停按钮触发,2018-07-30 10:54:27.000,2018-07-30 11:49:58.000,3331,安全链,故障和告警
五里坡公司3号一期风电场,HFJ070,5002,安全链2触发,2018-07-30 10:54:27.000,2018-07-30 11:49:58.000,3331,安全链,故障和告警
五里坡公司3号一期风电场,HFJ070,5003,风轮过转速(H),2018-07-30 10:54:27.000,2018-07-30 11:49:58.000,3331,安全链,故障和告警
五里坡公司3号一期风电场,HFJ070,64025,主控制器安全链输入丢失(OS),2018-07-30 10:54:27.000,2018-07-30 11:49:58.000,3331,控制器,故障和告警
五里坡公司3号一期风电场,HFJ070,5005,过振动(H),2018-07-30 10:54:27.000,2018-07-30 11:49:58.000,3331,安全链,故障和告警
五里坡公司3号一期风电场,HFJ070,5004,发电机过转速(H),2018-07-30 10:54:27.000,2018-07-30 11:49:58.000,3331,安全链,故障和告警
五里坡公司3号一期风电场,HFJ070,5001,硬件看门狗触发安全链,2018-07-30 10:54:27.000,2018-07-30 11:49:58.000,3331,安全链,故障和告警
五里坡公司3号一期风电场,HFJ070,5012,安全链1触发,2018-07-30 10:54:27.000,2018-07-30 11:49:58.000,3331,安全链,故障和告警
五里坡公司3号一期风电场,HFJ070,5010,安全继电器触发,2018-07-30 10:54:27.000,2018-07-30 11:49:58.000,3331,安全链,故障和告警
五里坡公司3号一期风电场,HFJ070,5941,变流器跳闸,2018-07-30 10:54:27.000,2018-07-30 11:49:58.000,3331,变流器（控制器部分）,故障和告警
五里坡公司3号一期风电场,HFJ070,5011,主断路器跳闸,2018-07-30 10:54:27.000,2018-07-30 11:49:58.000,3331,安全链,故障和告警
五里坡公司3号一期风电场,HFJ070,5119,机舱手动偏航使能,2018-07-30 10:54:27.000,2018-07-30 11:49:58.000,3331,控制器,故障和告警
五里坡公司3号一期风电场,HFJ070,5607,齿轮箱冷却风扇接触器反馈故障,2018-07-30 09:44:06.000,2018-07-30 11:49:58.000,7552,齿轮箱,故障和告警
五里坡公司3号一期风电场,HFJ070,5620,齿轮箱冷却风扇断路器跳闸,2018-07-30 09:42:42.000,2018-07-30 11:49:58.000,7636,齿轮箱,故障和告警
五里坡公司3号一期风电场,HFJ070,5801,高速轴刹车非正常动作,2018-07-30 09:33:35.000,2018-07-30 11:36:19.000,7364,刹车系统,故障和告警
五里坡公司3号一期风电场,HFJ070,5712,发电机冷却风扇断路器跳闸,2018-07-30 09:12:16.000,2018-07-30 11:41:29.000,8953,发电机,故障和告警
五里坡公司3号一期风电场,HFJ070,5108,维护模式,2018-07-30 08:59:41.000,2018-07-30 13:18:42.000,15541,控制器,故障和告警
五里坡公司3号一期风电场,HFJ070,5107,塔基手动正常停机,2018-07-30 08:57:27.000,2018-07-30 11:49:58.000,10351,控制器,故障和告警
五里坡公司3号一期风电场,HFJ070,5922,小风正常停机,2018-07-05 10:52:28.000,2018-07-05 10:53:05.000,37,变流器（控制器部分）,故障和告警
五里坡公司3号一期风电场,HFJ070,5121,能量管理平台停机,2018-07-03 17:35:52.000,2018-07-03 17:46:08.000,616,控制器,故障和告警
五里坡公司3号一期风电场,HFJ070,5924,风机欠功率,2018-06-27 04:40:17.000,2018-06-27 04:40:58.000,41,变流器（控制器部分）,故障和告警
五里坡公司3号一期风电场,HFJ070,5924,风机欠功率,2018-06-26 23:35:52.000,2018-06-26 23:36:34.000,42,变流器（控制器部分）,故障和告警
五里坡公司3号一期风电场,HFJ070,64029,系统告警(OS),2018-06-26 09:43:15.000,2018-06-26 09:43:59.000,44,控制器,故障和告警
五里坡公司3号一期风电场,HFJ070,5437,变桨系统内部硬件连接故障,2018-06-26 09:43:15.000,2018-06-26 09:43:59.000,44,桨叶硬件,故障和告警
五里坡公司3号一期风电场,HFJ070,64027,WP-Line模块配置故障(OS),2018-06-26 09:43:15.000,2018-06-26 09:43:59.000,44,控制器,故障和告警
五里坡公司3号一期风电场,HFJ070,5509,机舱位置标定中,2018-06-26 09:43:15.000,2018-06-26 09:48:04.000,289,偏航,故障和告警
五里坡公司3号一期风电场,HFJ070,5485,桨叶3刹车电压故障,2018-06-26 09:43:15.000,2018-06-26 09:43:59.000,44,桨叶硬件,故障和告警
五里坡公司3号一期风电场,HFJ070,64026,WP-Line模块初始化故障(OS),2018-06-26 09:43:15.000,2018-06-26 09:43:59.000,44,控制器,故障和告警
五里坡公司3号一期风电场,HFJ070,5941,变流器跳闸,2018-06-26 09:43:15.000,2018-06-26 09:43:59.000,44,变流器（控制器部分）,故障和告警
五里坡公司3号一期风电场,HFJ070,5479,桨叶2充电器故障,2018-06-26 09:43:15.000,2018-06-26 09:43:59.000,44,桨叶硬件,故障和告警
五里坡公司3号一期风电场,HFJ070,5482,桨叶2充电传感器故障,2018-06-26 09:43:15.000,2018-06-26 09:43:59.000,44,桨叶硬件,故障和告警
五里坡公司3号一期风电场,HFJ070,5483,桨叶1刹车电压故障,2018-06-26 09:43:15.000,2018-06-26 09:43:59.000,44,桨叶硬件,故障和告警
五里坡公司3号一期风电场,HFJ070,5002,安全链2触发,2018-06-26 09:43:15.000,2018-06-26 09:43:59.000,44,安全链,故障和告警
五里坡公司3号一期风电场,HFJ070,5484,桨叶2刹车电压故障,2018-06-26 09:43:15.000,2018-06-26 09:43:59.000,44,桨叶硬件,故障和告警
五里坡公司3号一期风电场,HFJ070,5481,桨叶2断路器跳闸,2018-06-26 09:43:15.000,2018-06-26 09:43:59.000,44,桨叶硬件,故障和告警
五里坡公司3号一期风电场,HFJ070,5480,桨叶3充电器故障,2018-06-26 09:43:15.000,2018-06-26 09:43:59.000,44,桨叶硬件,故障和告警
五里坡公司3号一期风电场,HFJ070,5432,变桨系统通讯故障,2018-06-26 09:43:15.000,2018-06-26 09:43:59.000,44,桨叶硬件,故障和告警
五里坡公司3号一期风电场,HFJ070,5478,桨叶1充电器故障,2018-06-26 09:43:15.000,2018-06-26 09:43:59.000,44,桨叶硬件,故障和告警
五里坡公司3号一期风电场,HFJ070,5922,小风正常停机,2018-06-21 12:01:31.000,2018-06-21 12:02:11.000,40,变流器（控制器部分）,故障和告警
五里坡公司3号一期风电场,HFJ070,5924,风机欠功率,2018-06-19 00:16:06.000,2018-06-19 00:16:50.000,44,变流器（控制器部分）,故障和告警
五里坡公司3号一期风电场,HFJ070,5922,小风正常停机,2018-06-13 06:13:38.000,2018-06-13 06:14:26.000,48,变流器（控制器部分）,故障和告警
五里坡公司3号一期风电场,HFJ070,5507,偏航自动解缆中,2018-06-10 14:21:03.000,2018-06-10 14:38:07.000,1024,偏航,故障和告警
五里坡公司3号一期风电场,HFJ070,5507,偏航自动解缆中,2018-06-05 16:08:35.000,2018-06-05 16:25:56.000,1041,偏航,故障和告警
五里坡公司3号一期风电场,HFJ070,5505,右扭缆超限,2018-06-05 16:08:35.000,2018-06-05 16:09:15.000,40,偏航,故障和告警
五里坡公司3号一期风电场,HFJ070,5922,小风正常停机,2018-06-04 18:14:37.000,2018-06-04 18:15:17.000,40,变流器（控制器部分）,故障和告警
五里坡公司3号一期风电场,HFJ070,5922,小风正常停机,2018-06-03 13:40:42.000,2018-06-03 13:41:26.000,44,变流器（控制器部分）,故障和告警
五里坡公司3号一期风电场,HFJ070,5505,右扭缆超限,2018-06-02 14:10:58.000,2018-06-02 14:11:39.000,41,偏航,故障和告警
五里坡公司3号一期风电场,HFJ070,5507,偏航自动解缆中,2018-06-02 14:10:58.000,2018-06-02 14:28:29.000,1051,偏航,故障和告警
五里坡公司3号一期风电场,HFJ070,5504,风向突变,2018-05-30 15:39:53.000,2018-05-30 15:40:37.000,44,偏航,故障和告警
五里坡公司3号一期风电场,HFJ070,5505,右扭缆超限,2018-05-28 12:00:42.000,2018-05-28 12:01:23.000,41,偏航,故障和告警
五里坡公司3号一期风电场,HFJ070,5507,偏航自动解缆中,2018-05-28 12:00:42.000,2018-05-28 12:18:23.000,1061,偏航,故障和告警
五里坡公司3号一期风电场,HFJ070,5922,小风正常停机,2018-05-28 09:57:58.000,2018-05-28 09:58:38.000,40,变流器（控制器部分）,故障和告警
五里坡公司3号一期风电场,HFJ070,5504,风向突变,2018-05-27 15:08:48.000,2018-05-27 15:09:30.000,42,偏航,故障和告警
五里坡公司3号一期风电场,HFJ070,5922,小风正常停机,2018-05-27 11:36:08.000,2018-05-27 11:36:49.000,41,变流器（控制器部分）,故障和告警
五里坡公司3号一期风电场,HFJ070,5607,齿轮箱冷却风扇接触器反馈故障,2018-05-26 10:34:57.000,2018-05-26 11:10:18.000,2121,齿轮箱,故障和告警
五里坡公司3号一期风电场,HFJ070,5620,齿轮箱冷却风扇断路器跳闸,2018-05-26 09:53:50.000,2018-05-26 11:10:18.000,4588,齿轮箱,故障和告警
五里坡公司3号一期风电场,HFJ070,5712,发电机冷却风扇断路器跳闸,2018-05-26 09:53:50.000,2018-05-26 11:10:18.000,4588,发电机,故障和告警
五里坡公司3号一期风电场,HFJ070,5108,维护模式,2018-05-26 09:43:57.000,2018-05-26 11:20:54.000,5817,控制器,故障和告警
五里坡公司3号一期风电场,HFJ070,5107,塔基手动正常停机,2018-05-26 09:42:25.000,2018-05-26 11:10:18.000,5273,控制器,故障和告警
五里坡公司3号一期风电场,HFJ070,5615,齿轮箱油温高,2018-05-26 00:22:31.000,2018-05-26 00:23:52.000,81,齿轮箱,故障和告警
五里坡公司3号一期风电场,HFJ070,5615,齿轮箱油温高,2018-05-25 23:28:52.000,2018-05-25 23:31:53.000,181,齿轮箱,故障和告警
五里坡公司3号一期风电场,HFJ070,5615,齿轮箱油温高,2018-05-25 22:42:23.000,2018-05-25 22:45:09.000,166,齿轮箱,故障和告警
五里坡公司3号一期风电场,HFJ070,5615,齿轮箱油温高,2018-05-25 21:57:34.000,2018-05-25 22:00:19.000,165,齿轮箱,故障和告警
五里坡公司3号一期风电场,HFJ070,5615,齿轮箱油温高,2018-05-25 19:29:47.000,2018-05-25 19:37:02.000,435,齿轮箱,故障和告警
五里坡公司3号一期风电场,HFJ070,5615,齿轮箱油温高,2018-05-25 18:51:48.000,2018-05-25 18:57:40.000,352,齿轮箱,故障和告警
五里坡公司3号一期风电场,HFJ070,5615,齿轮箱油温高,2018-05-25 18:12:35.000,2018-05-25 18:17:27.000,292,齿轮箱,故障和告警
五里坡公司3号一期风电场,HFJ070,5615,齿轮箱油温高,2018-05-25 17:33:29.000,2018-05-25 17:37:25.000,236,齿轮箱,故障和告警
五里坡公司3号一期风电场,HFJ070,6411,启机等风超时待机,2018-05-23 13:34:18.000,2018-05-23 13:35:01.000,43,超时,故障和告警
五里坡公司3号一期风电场,HFJ070,5615,齿轮箱油温高,2018-05-21 16:29:26.000,2018-05-21 16:31:32.000,126,齿轮箱,故障和告警
五里坡公司3号一期风电场,HFJ070,5615,齿轮箱油温高,2018-05-21 15:03:43.000,2018-05-21 15:06:12.000,149,齿轮箱,故障和告警
五里坡公司3号一期风电场,HFJ070,5405,桨叶2和3的桨距角差值过大,2018-05-13 22:49:06.000,2018-05-13 22:57:08.000,482,桨叶软件,故障和告警
五里坡公司3号一期风电场,HFJ070,5404,桨叶1和3的桨距角差值过大,2018-05-13 22:49:06.000,2018-05-13 22:57:08.000,482,桨叶软件,故障和告警
五里坡公司3号一期风电场,HFJ070,5504,风向突变,2018-05-12 14:24:29.000,2018-05-12 14:25:07.000,38,偏航,故障和告警
五里坡公司3号一期风电场,HFJ070,5922,小风正常停机,2018-05-11 11:19:21.000,2018-05-11 11:20:04.000,43,变流器（控制器部分）,故障和告警
五里坡公司3号一期风电场,HFJ070,5507,偏航自动解缆中,2018-05-10 11:18:18.000,2018-05-10 11:36:03.000,1065,偏航,故障和告警
五里坡公司3号一期风电场,HFJ070,5506,左扭缆超限,2018-05-10 11:18:18.000,2018-05-10 11:19:02.000,44,偏航,故障和告警
五里坡公司3号一期风电场,HFJ070,5922,小风正常停机,2018-05-09 16:18:52.000,2018-05-09 16:19:38.000,46,变流器（控制器部分）,故障和告警
五里坡公司3号一期风电场,HFJ070,5922,小风正常停机,2018-05-09 11:02:21.000,2018-05-09 11:02:41.000,20,变流器（控制器部分）,故障和告警
五里坡公司3号一期风电场,HFJ070,5922,小风正常停机,2018-05-06 15:56:57.000,2018-05-06 15:57:21.000,24,变流器（控制器部分）,故障和告警
五里坡公司3号一期风电场,HFJ070,5507,偏航自动解缆中,2018-05-04 18:50:41.000,2018-05-04 19:08:25.000,1064,偏航,故障和告警
五里坡公司3号一期风电场,HFJ070,5505,右扭缆超限,2018-05-04 18:50:41.000,2018-05-04 18:51:43.000,62,偏航,故障和告警
五里坡公司3号一期风电场,HFJ070,5801,高速轴刹车非正常动作,2018-05-04 09:53:10.000,2018-05-04 18:43:52.000,31842,刹车系统,故障和告警
五里坡公司3号一期风电场,HFJ070,5108,维护模式,2018-05-04 09:45:26.000,2018-05-04 18:43:52.000,32306,控制器,故障和告警
五里坡公司3号一期风电场,HFJ070,5107,塔基手动正常停机,2018-05-04 09:22:30.000,2018-05-04 18:43:52.000,33682,控制器,故障和告警
五里坡公司3号一期风电场,HFJ070,5922,小风正常停机,2018-05-02 15:15:11.000,2018-05-02 15:15:33.000,22,变流器（控制器部分）,故障和告警
五里坡公司3号一期风电场,HFJ070,5507,偏航自动解缆中,2018-04-30 13:24:00.000,2018-04-30 13:40:51.000,1011,偏航,故障和告警
五里坡公司3号一期风电场,HFJ070,5924,风机欠功率,2018-04-26 21:35:14.000,2018-04-26 21:35:35.000,21,变流器（控制器部分）,故障和告警
五里坡公司3号一期风电场,HFJ070,5507,偏航自动解缆中,2018-04-25 15:20:24.000,2018-04-25 15:37:50.000,1046,偏航,故障和告警
五里坡公司3号一期风电场,HFJ070,5505,右扭缆超限,2018-04-25 15:20:24.000,2018-04-25 15:21:06.000,42,偏航,故障和告警
五里坡公司3号一期风电场,HFJ070,5121,能量管理平台停机,2018-04-24 03:41:23.000,2018-04-24 03:41:42.000,19,控制器,故障和告警
五里坡公司3号一期风电场,HFJ070,5801,高速轴刹车非正常动作,2018-04-22 09:21:56.000,2018-04-22 10:51:45.000,5389,刹车系统,故障和告警
五里坡公司3号一期风电场,HFJ070,5108,维护模式,2018-04-22 09:11:27.000,2018-04-22 10:56:22.000,6295,控制器,故障和告警
五里坡公司3号一期风电场,HFJ070,5107,塔基手动正常停机,2018-04-22 09:10:39.000,2018-04-22 10:51:45.000,6066,控制器,故障和告警
五里坡公司3号一期风电场,HFJ070,6501,HMI手动停机,2018-04-19 22:04:53.000,2018-04-19 23:02:58.000,3485,控制器,故障和告警
五里坡公司3号一期风电场,HFJ070,5941,变流器跳闸,2018-04-19 21:56:42.000,2018-04-19 22:04:53.000,491,变流器（控制器部分）,故障和告警
五里坡公司3号一期风电场,HFJ070,5432,变桨系统通讯故障,2018-04-19 21:56:42.000,2018-04-19 22:04:53.000,491,桨叶硬件,故障和告警
五里坡公司3号一期风电场,HFJ070,6507,UPS逆变故障,2018-04-19 21:56:42.000,2018-04-19 21:57:06.000,24,其他,故障和告警
五里坡公司3号一期风电场,HFJ070,1029,以太网接收故障,2018-04-19 21:56:22.000,2018-04-19 22:04:53.000,511,其他,故障和告警
五里坡公司3号一期风电场,HFJ070,5480,桨叶3充电器故障,2018-04-19 21:56:22.000,2018-04-19 22:04:53.000,511,桨叶硬件,故障和告警
五里坡公司3号一期风电场,HFJ070,5484,桨叶2刹车电压故障,2018-04-19 21:56:22.000,2018-04-19 22:04:53.000,511,桨叶硬件,故障和告警
五里坡公司3号一期风电场,HFJ070,6105,桨叶1BTB错误,2018-04-19 21:56:22.000,2018-04-19 21:56:42.000,20,桨叶软件,故障和告警
五里坡公司3号一期风电场,HFJ070,5481,桨叶2断路器跳闸,2018-04-19 21:56:22.000,2018-04-19 22:04:53.000,511,桨叶硬件,故障和告警
五里坡公司3号一期风电场,HFJ070,5483,桨叶1刹车电压故障,2018-04-19 21:56:22.000,2018-04-19 22:04:53.000,511,桨叶硬件,故障和告警
五里坡公司3号一期风电场,HFJ070,5478,桨叶1充电器故障,2018-04-19 21:56:22.000,2018-04-19 22:04:53.000,511,桨叶硬件,故障和告警
五里坡公司3号一期风电场,HFJ070,5455,桨叶3电机ptc触发,2018-04-19 21:56:22.000,2018-04-19 21:56:42.000,20,桨叶硬件,故障和告警
五里坡公司3号一期风电场,HFJ070,6106,桨叶2BTB错误,2018-04-19 21:56:22.000,2018-04-19 21:56:42.000,20,桨叶软件,故障和告警
五里坡公司3号一期风电场,HFJ070,5509,机舱位置标定中,2018-04-19 21:56:22.000,2018-04-19 22:09:56.000,814,偏航,故障和告警
五里坡公司3号一期风电场,HFJ070,5485,桨叶3刹车电压故障,2018-04-19 21:56:22.000,2018-04-19 22:04:53.000,511,桨叶硬件,故障和告警
五里坡公司3号一期风电场,HFJ070,5437,变桨系统内部硬件连接故障,2018-04-19 21:56:22.000,2018-04-19 22:04:53.000,511,桨叶硬件,故障和告警
五里坡公司3号一期风电场,HFJ070,5002,安全链2触发,2018-04-19 21:56:22.000,2018-04-19 22:04:53.000,511,安全链,故障和告警
五里坡公司3号一期风电场,HFJ070,102,电网电压跌落,2018-04-19 21:56:22.000,2018-04-19 21:59:51.000,209,电网,故障和告警
五里坡公司3号一期风电场,HFJ070,5482,桨叶2充电传感器故障,2018-04-19 21:56:22.000,2018-04-19 22:04:53.000,511,桨叶硬件,故障和告警
五里坡公司3号一期风电场,HFJ070,6107,桨叶3BTB错误,2018-04-19 21:56:22.000,2018-04-19 21:56:42.000,20,桨叶软件,故障和告警
五里坡公司3号一期风电场,HFJ070,5479,桨叶2充电器故障,2018-04-19 21:56:22.000,2018-04-19 22:04:53.000,511,桨叶硬件,故障和告警
五里坡公司3号一期风电场,HFJ070,45,主控制器失电,2018-04-19 21:56:22.000,2018-04-19 21:56:42.000,20,控制器,故障和告警
五里坡公司3号一期风电场,HFJ070,5443,桨叶1电机ptc故障,2018-04-19 21:56:22.000,2018-04-19 21:56:42.000,20,桨叶硬件,故障和告警
五里坡公司3号一期风电场,HFJ070,5449,桨叶3限位开关95度触发,2018-04-19 21:56:22.000,2018-04-19 21:56:42.000,20,桨叶硬件,故障和告警
五里坡公司3号一期风电场,HFJ070,5922,小风正常停机,2018-04-16 14:33:45.000,2018-04-16 14:34:03.000,18,变流器（控制器部分）,故障和告警
五里坡公司3号一期风电场,HFJ070,5922,小风正常停机,2018-04-16 13:50:22.000,2018-04-16 13:50:40.000,18,变流器（控制器部分）,故障和告警
五里坡公司3号一期风电场,HFJ070,5922,小风正常停机,2018-04-16 11:39:43.000,2018-04-16 11:40:03.000,20,变流器（控制器部分）,故障和告警
五里坡公司3号一期风电场,HFJ070,5507,偏航自动解缆中,2018-04-15 19:12:20.000,2018-04-15 19:29:32.000,1032,偏航,故障和告警
五里坡公司3号一期风电场,HFJ070,5505,右扭缆超限,2018-04-15 19:12:20.000,2018-04-15 19:12:47.000,27,偏航,故障和告警
五里坡公司3号一期风电场,HFJ070,5922,小风正常停机,2018-04-15 12:45:55.000,2018-04-15 12:46:18.000,23,变流器（控制器部分）,故障和告警
五里坡公司3号一期风电场,HFJ070,5121,能量管理平台停机,2018-04-14 09:33:15.000,2018-04-14 09:41:35.000,500,控制器,故障和告警
五里坡公司3号一期风电场,HFJ070,5922,小风正常停机,2018-04-10 15:17:12.000,2018-04-10 15:17:33.000,21,变流器（控制器部分）,故障和告警
五里坡公司3号一期风电场,HFJ070,5922,小风正常停机,2018-04-07 16:02:26.000,2018-04-07 16:02:46.000,20,变流器（控制器部分）,故障和告警
五里坡公司3号一期风电场,HFJ070,5302,平均风速大于切出风速,2018-04-04 15:44:03.000,2018-04-04 15:44:11.000,8,风速仪,故障和告警
五里坡公司3号一期风电场,HFJ070,5922,小风正常停机,2018-04-03 12:28:44.000,2018-04-03 12:29:07.000,23,变流器（控制器部分）,故障和告警
五里坡公司3号一期风电场,HFJ070,5507,偏航自动解缆中,2018-04-02 20:33:33.000,2018-04-02 20:50:46.000,1033,偏航,故障和告警
五里坡公司3号一期风电场,HFJ070,5505,右扭缆超限,2018-04-02 20:33:20.000,2018-04-02 20:33:59.000,39,偏航,故障和告警
五里坡公司3号一期风电场,HFJ070,5924,风机欠功率,2018-03-26 00:52:27.000,2018-03-26 00:52:36.000,9,变流器（控制器部分）,故障和告警
五里坡公司3号一期风电场,HFJ070,5108,维护模式,2018-03-23 21:48:11.000,2018-03-23 23:19:13.000,5462,控制器,故障和告警
五里坡公司3号一期风电场,HFJ070,5119,机舱手动偏航使能,2018-03-23 21:48:11.000,2018-03-23 23:19:13.000,5462,控制器,故障和告警
五里坡公司3号一期风电场,HFJ070,5509,机舱位置标定中,2018-03-23 21:48:11.000,2018-03-23 23:27:09.000,5938,偏航,故障和告警
五里坡公司3号一期风电场,HFJ070,1029,以太网接收故障,2018-03-23 20:43:59.000,2018-03-23 21:48:11.000,3852,其他,故障和告警
五里坡公司3号一期风电场,HFJ070,5003,风轮过转速(H),2018-03-23 20:43:34.000,2018-03-23 23:19:13.000,9339,安全链,故障和告警
五里坡公司3号一期风电场,HFJ070,5482,桨叶2充电传感器故障,2018-03-23 20:43:34.000,2018-03-23 21:48:11.000,3877,桨叶硬件,故障和告警
五里坡公司3号一期风电场,HFJ070,5437,变桨系统内部硬件连接故障,2018-03-23 20:43:34.000,2018-03-23 21:48:11.000,3877,桨叶硬件,故障和告警
五里坡公司3号一期风电场,HFJ070,5483,桨叶1刹车电压故障,2018-03-23 20:43:34.000,2018-03-23 21:48:11.000,3877,桨叶硬件,故障和告警
五里坡公司3号一期风电场,HFJ070,5010,安全继电器触发,2018-03-23 20:43:34.000,2018-03-23 21:48:11.000,3877,安全链,故障和告警
五里坡公司3号一期风电场,HFJ070,5479,桨叶2充电器故障,2018-03-23 20:43:34.000,2018-03-23 21:48:11.000,3877,桨叶硬件,故障和告警
五里坡公司3号一期风电场,HFJ070,64025,主控制器安全链输入丢失(OS),2018-03-23 20:43:34.000,2018-03-23 23:19:13.000,9339,控制器,故障和告警
五里坡公司3号一期风电场,HFJ070,5002,安全链2触发,2018-03-23 20:43:34.000,2018-03-23 23:19:13.000,9339,安全链,故障和告警
五里坡公司3号一期风电场,HFJ070,5484,桨叶2刹车电压故障,2018-03-23 20:43:34.000,2018-03-23 21:48:11.000,3877,桨叶硬件,故障和告警
五里坡公司3号一期风电场,HFJ070,5004,发电机过转速(H),2018-03-23 20:43:34.000,2018-03-23 23:19:13.000,9339,安全链,故障和告警
五里坡公司3号一期风电场,HFJ070,5481,桨叶2断路器跳闸,2018-03-23 20:43:34.000,2018-03-23 21:48:11.000,3877,桨叶硬件,故障和告警
五里坡公司3号一期风电场,HFJ070,5005,过振动(H),2018-03-23 20:43:34.000,2018-03-23 21:48:11.000,3877,安全链,故障和告警
五里坡公司3号一期风电场,HFJ070,5011,主断路器跳闸,2018-03-23 20:43:34.000,2018-03-23 21:48:11.000,3877,安全链,故障和告警
五里坡公司3号一期风电场,HFJ070,5001,硬件看门狗触发安全链,2018-03-23 20:43:34.000,2018-03-23 23:19:13.000,9339,安全链,故障和告警
五里坡公司3号一期风电场,HFJ070,5485,桨叶3刹车电压故障,2018-03-23 20:43:34.000,2018-03-23 21:48:11.000,3877,桨叶硬件,故障和告警
五里坡公司3号一期风电场,HFJ070,5480,桨叶3充电器故障,2018-03-23 20:43:34.000,2018-03-23 21:48:11.000,3877,桨叶硬件,故障和告警
五里坡公司3号一期风电场,HFJ070,5432,变桨系统通讯故障,2018-03-23 20:43:34.000,2018-03-23 21:48:11.000,3877,桨叶硬件,故障和告警
五里坡公司3号一期风电场,HFJ070,5012,安全链1触发,2018-03-23 20:43:34.000,2018-03-23 23:19:13.000,9339,安全链,故障和告警
五里坡公司3号一期风电场,HFJ070,5478,桨叶1充电器故障,2018-03-23 20:43:34.000,2018-03-23 21:48:11.000,3877,桨叶硬件,故障和告警
五里坡公司3号一期风电场,HFJ070,45,主控制器失电,2018-03-23 20:43:34.000,2018-03-23 20:43:59.000,25,控制器,故障和告警
五里坡公司3号一期风电场,HFJ070,102,电网电压跌落,2018-03-18 04:46:47.000,2018-03-18 19:27:23.000,52836,电网,故障和告警
五里坡公司3号一期风电场,HFJ070,5505,右扭缆超限,2018-03-14 19:50:52.000,2018-03-14 19:52:03.000,71,偏航,故障和告警
五里坡公司3号一期风电场,HFJ070,5507,偏航自动解缆中,2018-03-14 19:50:52.000,2018-03-14 20:08:48.000,1076,偏航,故障和告警
五里坡公司3号一期风电场,HFJ070,5922,小风正常停机,2018-03-12 20:39:18.000,2018-03-12 20:39:26.000,8,变流器（控制器部分）,故障和告警
五里坡公司3号一期风电场,HFJ070,5922,小风正常停机,2018-03-12 14:57:38.000,2018-03-12 14:57:48.000,10,变流器（控制器部分）,故障和告警
五里坡公司3号一期风电场,HFJ070,5922,小风正常停机,2018-03-12 12:55:01.000,2018-03-12 12:55:10.000,9,变流器（控制器部分）,故障和告警
五里坡公司3号一期风电场,HFJ070,5922,小风正常停机,2018-03-11 17:53:40.000,2018-03-11 17:53:53.000,13,变流器（控制器部分）,故障和告警
五里坡公司3号一期风电场,HFJ070,5922,小风正常停机,2018-03-10 14:35:56.000,2018-03-10 14:36:05.000,9,变流器（控制器部分）,故障和告警
五里坡公司3号一期风电场,HFJ070,5922,小风正常停机,2018-03-10 07:10:24.000,2018-03-10 07:10:40.000,16,变流器（控制器部分）,故障和告警
五里坡公司3号一期风电场,HFJ070,5505,右扭缆超限,2018-03-07 20:44:14.000,2018-03-07 20:44:53.000,39,偏航,故障和告警
五里坡公司3号一期风电场,HFJ070,5507,偏航自动解缆中,2018-03-07 20:44:14.000,2018-03-07 21:01:43.000,1049,偏航,故障和告警
五里坡公司3号一期风电场,HFJ070,5924,风机欠功率,2018-03-06 18:26:40.000,2018-03-06 18:26:50.000,10,变流器（控制器部分）,故障和告警
五里坡公司3号一期风电场,HFJ070,5922,小风正常停机,2018-03-04 22:34:46.000,2018-03-04 22:34:55.000,9,变流器（控制器部分）,故障和告警
五里坡公司3号一期风电场,HFJ070,5922,小风正常停机,2018-03-04 02:40:25.000,2018-03-04 02:40:35.000,10,变流器（控制器部分）,故障和告警
五里坡公司3号一期风电场,HFJ070,5922,小风正常停机,2018-03-01 06:26:15.000,2018-03-01 06:26:26.000,11,变流器（控制器部分）,故障和告警
五里坡公司3号一期风电场,HFJ070,5922,小风正常停机,2018-02-24 12:34:01.000,2018-02-24 12:34:10.000,9,变流器（控制器部分）,故障和告警
五里坡公司3号一期风电场,HFJ070,5922,小风正常停机,2018-02-22 20:36:48.000,2018-02-22 20:36:57.000,9,变流器（控制器部分）,故障和告警
五里坡公司3号一期风电场,HFJ070,5507,偏航自动解缆中,2018-02-18 17:25:51.000,2018-02-18 17:42:49.000,1018,偏航,故障和告警
五里坡公司3号一期风电场,HFJ070,5506,左扭缆超限,2018-02-18 17:25:51.000,2018-02-18 17:26:05.000,14,偏航,故障和告警
五里坡公司3号一期风电场,HFJ070,5108,维护模式,2018-02-18 14:37:04.000,2018-02-18 15:34:54.000,3470,控制器,故障和告警
五里坡公司3号一期风电场,HFJ070,5107,塔基手动正常停机,2018-02-18 14:36:18.000,2018-02-18 15:34:54.000,3516,控制器,故障和告警
五里坡公司3号一期风电场,HFJ070,5922,小风正常停机,2018-02-15 18:02:29.000,2018-02-15 18:02:38.000,9,变流器（控制器部分）,故障和告警
五里坡公司3号一期风电场,HFJ070,6411,启机等风超时待机,2018-02-14 22:38:29.000,2018-02-14 22:38:44.000,15,超时,故障和告警
五里坡公司3号一期风电场,HFJ070,5924,风机欠功率,2018-02-14 19:31:45.000,2018-02-14 19:31:58.000,13,变流器（控制器部分）,故障和告警
五里坡公司3号一期风电场,HFJ070,5922,小风正常停机,2018-02-07 09:51:23.000,2018-02-07 09:51:32.000,9,变流器（控制器部分）,故障和告警
五里坡公司3号一期风电场,HFJ070,5924,风机欠功率,2018-02-05 21:27:55.000,2018-02-05 21:28:08.000,13,变流器（控制器部分）,故障和告警
五里坡公司3号一期风电场,HFJ070,5922,小风正常停机,2018-02-01 10:22:54.000,2018-02-01 10:23:06.000,12,变流器（控制器部分）,故障和告警
五里坡公司3号一期风电场,HFJ070,6411,启机等风超时待机,2018-01-25 22:52:27.000,2018-01-25 22:52:36.000,9,超时,故障和告警
五里坡公司3号一期风电场,HFJ070,5507,偏航自动解缆中,2018-01-25 18:57:28.000,2018-01-25 19:14:10.000,1002,偏航,故障和告警
五里坡公司3号一期风电场,HFJ070,6411,启机等风超时待机,2018-01-24 09:50:51.000,2018-01-24 09:51:01.000,10,超时,故障和告警
五里坡公司3号一期风电场,HFJ070,5924,风机欠功率,2018-01-24 01:40:53.000,2018-01-24 01:41:06.000,13,变流器（控制器部分）,故障和告警
五里坡公司3号一期风电场,HFJ070,5941,变流器跳闸,2018-01-23 12:52:47.000,2018-01-23 12:54:33.000,106,变流器（控制器部分）,故障和告警
五里坡公司3号一期风电场,HFJ070,5922,小风正常停机,2018-01-23 12:20:23.000,2018-01-23 12:20:32.000,9,变流器（控制器部分）,故障和告警
五里坡公司3号一期风电场,HFJ070,5922,小风正常停机,2018-01-23 10:57:02.000,2018-01-23 10:57:12.000,10,变流器（控制器部分）,故障和告警
五里坡公司3号一期风电场,HFJ070,5922,小风正常停机,2018-01-22 21:31:24.000,2018-01-22 21:31:37.000,13,变流器（控制器部分）,故障和告警
五里坡公司3号一期风电场,HFJ070,5924,风机欠功率,2018-01-22 21:10:59.000,2018-01-22 21:11:13.000,14,变流器（控制器部分）,故障和告警
五里坡公司3号一期风电场,HFJ070,5507,偏航自动解缆中,2018-01-22 20:08:52.000,2018-01-22 20:26:09.000,1037,偏航,故障和告警
五里坡公司3号一期风电场,HFJ070,5505,右扭缆超限,2018-01-22 20:08:52.000,2018-01-22 20:09:25.000,33,偏航,故障和告警
五里坡公司3号一期风电场,HFJ070,5507,偏航自动解缆中,2018-01-14 15:53:23.000,2018-01-14 16:10:14.000,1011,偏航,故障和告警
五里坡公司3号一期风电场,HFJ070,5108,维护模式,2018-01-14 10:02:52.000,2018-01-14 11:06:32.000,3820,控制器,故障和告警
五里坡公司3号一期风电场,HFJ070,5801,高速轴刹车非正常动作,2018-01-14 09:52:15.000,2018-01-14 11:06:32.000,4457,刹车系统,故障和告警
五里坡公司3号一期风电场,HFJ070,5107,塔基手动正常停机,2018-01-14 09:42:55.000,2018-01-14 11:06:32.000,5017,控制器,故障和告警
五里坡公司3号一期风电场,HFJ070,5922,小风正常停机,2018-01-11 17:01:17.000,2018-01-11 17:01:26.000,9,变流器（控制器部分）,故障和告警
五里坡公司3号一期风电场,HFJ070,5922,小风正常停机,2018-01-05 00:04:42.000,2018-01-05 00:04:53.000,11,变流器（控制器部分）,故障和告警
五里坡公司3号一期风电场,HFJ070,5505,右扭缆超限,2018-01-01 22:25:08.000,2018-01-01 22:25:43.000,35,偏航,故障和告警
五里坡公司3号一期风电场,HFJ070,5507,偏航自动解缆中,2018-01-01 22:25:08.000,2018-01-01 22:42:29.000,1041,偏航,故障和告警
五里坡公司3号一期风电场,HFJ070,5854,发电机轴承润滑故障,2018-01-01 17:21:13.000,2018-01-01 17:22:20.000,67,润滑系统,故障和告警
五里坡公司3号一期风电场,HFJ070,5531,偏航电机3-4断路器跳闸,2018-01-01 16:19:47.000,2018-01-01 16:25:58.000,371,偏航驱动,故障和告警
五里坡公司3号一期风电场,HFJ070,5530,偏航电机1-2断路器跳闸,2018-01-01 16:19:47.000,2018-01-01 16:25:58.000,371,偏航驱动,故障和告警
五里坡公司3号一期风电场,HFJ070,5119,机舱手动偏航使能,2018-01-01 16:19:36.000,2018-01-01 16:25:58.000,382,控制器,故障和告警
五里坡公司3号一期风电场,HFJ070,5464,桨叶 3 0.5s平均桨距角超限,2018-01-01 14:15:01.000,2018-01-01 16:11:04.000,6963,桨叶硬件,故障和告警
五里坡公司3号一期风电场,HFJ070,5474,5min平均桨距角2超限,2018-01-01 14:09:20.000,2018-01-01 16:11:04.000,7304,桨叶硬件,故障和告警
五里坡公司3号一期风电场,HFJ070,5463,桨叶 2 0.5s平均桨距角超限,2018-01-01 14:05:20.000,2018-01-01 16:11:04.000,7544,桨叶硬件,故障和告警
五里坡公司3号一期风电场,HFJ070,5473,5min平均桨距角1超限,2018-01-01 13:59:25.000,2018-01-01 16:11:04.000,7899,桨叶硬件,故障和告警
五里坡公司3号一期风电场,HFJ070,5462,桨叶 1 0.5s平均桨距角超限,2018-01-01 13:55:17.000,2018-01-01 16:11:04.000,8147,桨叶硬件,故障和告警
五里坡公司3号一期风电场,HFJ070,5530,偏航电机1-2断路器跳闸,2018-01-01 12:33:11.000,2018-01-01 16:11:04.000,13073,偏航驱动,故障和告警
五里坡公司3号一期风电场,HFJ070,5531,偏航电机3-4断路器跳闸,2018-01-01 12:33:11.000,2018-01-01 16:11:04.000,13073,偏航驱动,故障和告警
五里坡公司3号一期风电场,HFJ070,5119,机舱手动偏航使能,2018-01-01 12:11:05.000,2018-01-01 16:11:04.000,14399,控制器,故障和告警
五里坡公司3号一期风电场,HFJ070,5002,安全链2触发,2018-01-01 11:50:32.000,2018-01-01 16:11:04.000,15632,安全链,故障和告警
五里坡公司3号一期风电场,HFJ070,5004,发电机过转速(H),2018-01-01 11:50:32.000,2018-01-01 16:11:04.000,15632,安全链,故障和告警
五里坡公司3号一期风电场,HFJ070,5001,硬件看门狗触发安全链,2018-01-01 11:50:32.000,2018-01-01 16:11:04.000,15632,安全链,故障和告警
五里坡公司3号一期风电场,HFJ070,5941,变流器跳闸,2018-01-01 11:50:32.000,2018-01-01 16:11:04.000,15632,变流器（控制器部分）,故障和告警
五里坡公司3号一期风电场,HFJ070,64025,主控制器安全链输入丢失(OS),2018-01-01 11:50:32.000,2018-01-01 16:11:19.000,15647,控制器,故障和告警
五里坡公司3号一期风电场,HFJ070,5613,齿轮箱油泵启动失败,2018-01-01 11:48:27.000,2018-01-01 16:11:04.000,15757,齿轮箱,故障和告警
五里坡公司3号一期风电场,HFJ070,5801,高速轴刹车非正常动作,2018-01-01 10:48:11.000,2018-01-01 16:11:04.000,19373,刹车系统,故障和告警
五里坡公司3号一期风电场,HFJ070,5712,发电机冷却风扇断路器跳闸,2018-01-01 10:42:30.000,2018-01-01 16:11:04.000,19714,发电机,故障和告警
五里坡公司3号一期风电场,HFJ070,5620,齿轮箱冷却风扇断路器跳闸,2018-01-01 10:42:21.000,2018-01-01 16:11:04.000,19723,齿轮箱,故障和告警
五里坡公司3号一期风电场,HFJ070,5621,齿轮箱润滑泵断路器跳闸,2018-01-01 10:42:21.000,2018-01-01 16:11:04.000,19723,齿轮箱,故障和告警
五里坡公司3号一期风电场,HFJ070,5108,维护模式,2018-01-01 10:30:03.000,2018-01-01 17:19:38.000,24575,控制器,故障和告警
五里坡公司3号一期风电场,HFJ070,5107,塔基手动正常停机,2018-01-01 10:29:03.000,2018-01-01 16:11:04.000,20521,控制器,故障和告警
五里坡公司3号一期风电场,HFJ070,5922,小风正常停机,2017-12-27 11:37:08.000,2017-12-27 11:37:21.000,13,变流器（控制器部分）,故障和告警
五里坡公司3号一期风电场,HFJ070,5121,能量管理平台停机,2017-12-26 18:56:54.000,2017-12-26 18:57:58.000,64,控制器,故障和告警
五里坡公司3号一期风电场,HFJ070,5922,小风正常停机,2017-12-21 17:35:45.000,2017-12-21 17:35:55.000,10,变流器（控制器部分）,故障和告警
五里坡公司3号一期风电场,HFJ070,5121,能量管理平台停机,2017-12-19 05:15:38.000,2017-12-19 05:22:58.000,440,控制器,故障和告警
五里坡公司3号一期风电场,HFJ070,5922,小风正常停机,2017-12-18 10:19:56.000,2017-12-18 10:20:11.000,15,变流器（控制器部分）,故障和告警
五里坡公司3号一期风电场,HFJ070,5507,偏航自动解缆中,2017-12-15 13:15:12.000,2017-12-15 13:31:53.000,1001,偏航,故障和告警
五里坡公司3号一期风电场,HFJ070,5924,风机欠功率,2017-12-15 06:04:17.000,2017-12-15 06:04:27.000,10,变流器（控制器部分）,故障和告警
五里坡公司3号一期风电场,HFJ070,5924,风机欠功率,2017-12-12 06:56:13.000,2017-12-12 06:56:24.000,11,变流器（控制器部分）,故障和告警
五里坡公司3号一期风电场,HFJ070,5924,风机欠功率,2017-12-05 23:05:25.000,2017-12-05 23:05:44.000,19,变流器（控制器部分）,故障和告警
五里坡公司3号一期风电场,HFJ070,5507,偏航自动解缆中,2017-12-05 15:54:07.000,2017-12-05 16:11:08.000,1021,偏航,故障和告警
五里坡公司3号一期风电场,HFJ070,5506,左扭缆超限,2017-12-05 15:53:58.000,2017-12-05 15:54:25.000,27,偏航,故障和告警
五里坡公司3号一期风电场,HFJ070,5922,小风正常停机,2017-12-05 12:54:59.000,2017-12-05 12:55:08.000,9,变流器（控制器部分）,故障和告警
五里坡公司3号一期风电场,HFJ070,6411,启机等风超时待机,2017-12-03 23:43:27.000,2017-12-03 23:43:36.000,9,超时,故障和告警
五里坡公司3号一期风电场,HFJ070,5922,小风正常停机,2017-11-29 22:52:37.000,2017-11-29 22:52:46.000,9,变流器（控制器部分）,故障和告警
五里坡公司3号一期风电场,HFJ070,5924,风机欠功率,2017-11-28 19:51:57.000,2017-11-28 19:52:06.000,9,变流器（控制器部分）,故障和告警
五里坡公司3号一期风电场,HFJ070,5507,偏航自动解缆中,2017-11-28 17:55:20.000,2017-11-28 18:12:33.000,1033,偏航,故障和告警
五里坡公司3号一期风电场,HFJ070,5505,右扭缆超限,2017-11-28 17:55:12.000,2017-11-28 17:55:57.000,45,偏航,故障和告警
五里坡公司3号一期风电场,HFJ070,5924,风机欠功率,2017-11-28 08:56:45.000,2017-11-28 08:56:55.000,10,变流器（控制器部分）,故障和告警
五里坡公司3号一期风电场,HFJ070,5922,小风正常停机,2017-11-25 18:28:06.000,2017-11-25 18:28:20.000,14,变流器（控制器部分）,故障和告警
五里坡公司3号一期风电场,HFJ070,5938,转矩不匹配频繁,2017-11-23 07:09:02.000,2017-11-23 07:19:35.000,633,变流器（控制器部分）,故障和告警
五里坡公司3号一期风电场,HFJ070,5922,小风正常停机,2017-11-23 01:39:37.000,2017-11-23 01:39:47.000,10,变流器（控制器部分）,故障和告警
五里坡公司3号一期风电场,HFJ070,5401,桨距角给定错误,2017-11-21 11:04:01.000,2017-11-21 11:04:45.000,44,桨叶软件,故障和告警
五里坡公司3号一期风电场,HFJ070,5922,小风正常停机,2017-11-21 06:12:55.000,2017-11-21 06:13:11.000,16,变流器（控制器部分）,故障和告警
五里坡公司3号一期风电场,HFJ070,5922,小风正常停机,2017-11-20 18:12:41.000,2017-11-20 18:12:58.000,17,变流器（控制器部分）,故障和告警
五里坡公司3号一期风电场,HFJ070,5922,小风正常停机,2017-11-20 12:49:50.000,2017-11-20 12:49:59.000,9,变流器（控制器部分）,故障和告警
五里坡公司3号一期风电场,HFJ070,5922,小风正常停机,2017-11-20 09:35:33.000,2017-11-20 09:35:41.000,8,变流器（控制器部分）,故障和告警
五里坡公司3号一期风电场,HFJ070,5938,转矩不匹配频繁,2017-11-19 11:51:16.000,2017-11-19 11:58:30.000,434,变流器（控制器部分）,故障和告警
五里坡公司3号一期风电场,HFJ070,5922,小风正常停机,2017-11-19 11:51:07.000,2017-11-19 11:51:16.000,9,变流器（控制器部分）,故障和告警
五里坡公司3号一期风电场,HFJ070,5924,风机欠功率,2017-11-16 23:46:28.000,2017-11-16 23:46:37.000,9,变流器（控制器部分）,故障和告警
五里坡公司3号一期风电场,HFJ070,5924,风机欠功率,2017-11-16 08:52:11.000,2017-11-16 08:52:20.000,9,变流器（控制器部分）,故障和告警
五里坡公司3号一期风电场,HFJ070,5922,小风正常停机,2017-11-15 09:01:43.000,2017-11-15 09:01:52.000,9,变流器（控制器部分）,故障和告警
五里坡公司3号一期风电场,HFJ070,5922,小风正常停机,2017-11-14 15:43:14.000,2017-11-14 15:43:23.000,9,变流器（控制器部分）,故障和告警
五里坡公司3号一期风电场,HFJ070,5922,小风正常停机,2017-11-11 13:47:50.000,2017-11-11 13:47:59.000,9,变流器（控制器部分）,故障和告警
五里坡公司3号一期风电场,HFJ070,5507,偏航自动解缆中,2017-11-10 01:42:23.000,2017-11-10 01:59:25.000,1022,偏航,故障和告警
五里坡公司3号一期风电场,HFJ070,5505,右扭缆超限,2017-11-10 01:42:23.000,2017-11-10 01:42:40.000,17,偏航,故障和告警
五里坡公司3号一期风电场,HFJ070,5922,小风正常停机,2017-11-08 14:40:00.000,2017-11-08 14:40:09.000,9,变流器（控制器部分）,故障和告警
五里坡公司3号一期风电场,HFJ070,5109,SCADA停机,2017-11-07 16:00:21.000,2017-11-07 16:57:32.000,3431,控制器,故障和告警
五里坡公司3号一期风电场,HFJ070,5922,小风正常停机,2017-11-03 14:13:45.000,2017-11-03 14:13:57.000,12,变流器（控制器部分）,故障和告警
五里坡公司3号一期风电场,HFJ070,5922,小风正常停机,2017-10-28 11:53:31.000,2017-10-28 11:53:40.000,9,变流器（控制器部分）,故障和告警
五里坡公司3号一期风电场,HFJ070,5121,能量管理平台停机,2017-10-26 22:18:49.000,2017-10-26 22:26:33.000,464,控制器,故障和告警
五里坡公司3号一期风电场,HFJ070,5121,能量管理平台停机,2017-10-19 12:42:48.000,2017-10-19 12:42:57.000,9,控制器,故障和告警
五里坡公司3号一期风电场,HFJ070,5924,风机欠功率,2017-10-19 10:02:45.000,2017-10-19 10:02:53.000,8,变流器（控制器部分）,故障和告警
五里坡公司3号一期风电场,HFJ070,5922,小风正常停机,2017-10-18 11:07:39.000,2017-10-18 11:07:51.000,12,变流器（控制器部分）,故障和告警
五里坡公司3号一期风电场,HFJ070,5121,能量管理平台停机,2017-10-16 10:21:31.000,2017-10-16 10:35:53.000,862,控制器,故障和告警
五里坡公司3号一期风电场,HFJ070,5922,小风正常停机,2017-10-15 12:16:25.000,2017-10-15 12:16:37.000,12,变流器（控制器部分）,故障和告警
五里坡公司3号一期风电场,HFJ070,5613,齿轮箱油泵启动失败,2017-10-15 11:00:28.000,2017-10-15 11:13:46.000,798,齿轮箱,故障和告警
五里坡公司3号一期风电场,HFJ070,5620,齿轮箱冷却风扇断路器跳闸,2017-10-15 10:16:22.000,2017-10-15 11:13:46.000,3444,齿轮箱,故障和告警
五里坡公司3号一期风电场,HFJ070,5607,齿轮箱冷却风扇接触器反馈故障,2017-10-15 10:16:22.000,2017-10-15 11:13:46.000,3444,齿轮箱,故障和告警
五里坡公司3号一期风电场,HFJ070,5621,齿轮箱润滑泵断路器跳闸,2017-10-15 10:00:51.000,2017-10-15 11:13:46.000,4375,齿轮箱,故障和告警
五里坡公司3号一期风电场,HFJ070,5712,发电机冷却风扇断路器跳闸,2017-10-15 10:00:51.000,2017-10-15 11:13:46.000,4375,发电机,故障和告警
五里坡公司3号一期风电场,HFJ070,5108,维护模式,2017-10-15 09:52:15.000,2017-10-15 11:16:59.000,5084,控制器,故障和告警
五里坡公司3号一期风电场,HFJ070,5107,塔基手动正常停机,2017-10-15 09:51:34.000,2017-10-15 11:13:46.000,4932,控制器,故障和告警
五里坡公司3号一期风电场,HFJ070,6411,启机等风超时待机,2017-10-13 13:46:14.000,2017-10-13 13:46:22.000,8,超时,故障和告警
五里坡公司3号一期风电场,HFJ070,5924,风机欠功率,2017-10-09 22:42:16.000,2017-10-09 22:42:25.000,9,变流器（控制器部分）,故障和告警
五里坡公司3号一期风电场,HFJ070,5121,能量管理平台停机,2017-10-08 04:13:39.000,2017-10-08 05:15:38.000,3719,控制器,故障和告警
五里坡公司3号一期风电场,HFJ070,5922,小风正常停机,2017-10-07 23:02:05.000,2017-10-07 23:02:15.000,10,变流器（控制器部分）,故障和告警
五里坡公司3号一期风电场,HFJ070,5922,小风正常停机,2017-10-07 16:30:54.000,2017-10-07 16:31:02.000,8,变流器（控制器部分）,故障和告警
五里坡公司3号一期风电场,HFJ070,5922,小风正常停机,2017-10-07 00:54:05.000,2017-10-07 00:54:14.000,9,变流器（控制器部分）,故障和告警
五里坡公司3号一期风电场,HFJ070,5121,能量管理平台停机,2017-10-06 12:59:38.000,2017-10-06 12:59:47.000,9,控制器,故障和告警
五里坡公司3号一期风电场,HFJ070,6411,启机等风超时待机,2017-10-06 11:39:10.000,2017-10-06 11:39:18.000,8,超时,故障和告警
五里坡公司3号一期风电场,HFJ070,5615,齿轮箱油温高,2017-10-05 01:03:34.000,2017-10-05 01:06:27.000,173,齿轮箱,故障和告警
五里坡公司3号一期风电场,HFJ070,5615,齿轮箱油温高,2017-10-04 23:20:48.000,2017-10-04 23:22:53.000,125,齿轮箱,故障和告警
五里坡公司3号一期风电场,HFJ070,5922,小风正常停机,2017-10-01 13:17:00.000,2017-10-01 13:17:11.000,11,变流器（控制器部分）,故障和告警
五里坡公司3号一期风电场,HFJ070,5615,齿轮箱油温高,2017-09-30 05:04:37.000,2017-09-30 05:07:02.000,145,齿轮箱,故障和告警
五里坡公司3号一期风电场,HFJ070,5615,齿轮箱油温高,2017-09-30 04:09:39.000,2017-09-30 04:12:42.000,183,齿轮箱,故障和告警
五里坡公司3号一期风电场,HFJ070,5922,小风正常停机,2017-09-28 10:50:03.000,2017-09-28 10:50:12.000,9,变流器（控制器部分）,故障和告警
五里坡公司3号一期风电场,HFJ070,5922,小风正常停机,2017-09-27 14:35:13.000,2017-09-27 14:35:22.000,9,变流器（控制器部分）,故障和告警
五里坡公司3号一期风电场,HFJ070,5922,小风正常停机,2017-09-26 14:57:06.000,2017-09-26 14:57:15.000,9,变流器（控制器部分）,故障和告警
五里坡公司3号一期风电场,HFJ070,5905,变流器通讯故障,2017-09-26 12:45:02.000,2017-09-26 12:49:19.000,257,变流器,故障和告警
五里坡公司3号一期风电场,HFJ070,1023,变频器CANopen通讯故障,2017-09-26 12:45:02.000,2017-09-26 12:49:19.000,257,变流器,故障和告警
五里坡公司3号一期风电场,HFJ070,5948,变流器内部通讯错误,2017-09-26 12:44:53.000,2017-09-26 12:49:19.000,266,变流器（控制器部分）,故障和告警
五里坡公司3号一期风电场,HFJ070,1019,EtherCan模块CANopen通讯故障,2017-09-26 12:44:53.000,2017-09-26 12:49:19.000,266,其他,故障和告警
五里坡公司3号一期风电场,HFJ070,5947,变流器主断路器故障,2017-09-26 12:44:53.000,2017-09-26 12:49:19.000,266,变流器（控制器部分）,故障和告警
五里坡公司3号一期风电场,HFJ070,5941,变流器跳闸,2017-09-26 12:44:28.000,2017-09-26 12:49:19.000,291,变流器（控制器部分）,故障和告警
五里坡公司3号一期风电场,HFJ070,1023,变频器CANopen通讯故障,2017-09-26 11:41:42.000,2017-09-26 12:38:54.000,3432,变流器,故障和告警
五里坡公司3号一期风电场,HFJ070,5905,变流器通讯故障,2017-09-26 11:41:33.000,2017-09-26 12:31:57.000,3024,变流器,故障和告警
五里坡公司3号一期风电场,HFJ070,5947,变流器主断路器故障,2017-09-26 11:41:33.000,2017-09-26 12:31:57.000,3024,变流器（控制器部分）,故障和告警
五里坡公司3号一期风电场,HFJ070,1019,EtherCan模块CANopen通讯故障,2017-09-26 11:41:33.000,2017-09-26 12:38:54.000,3441,其他,故障和告警
五里坡公司3号一期风电场,HFJ070,5941,变流器跳闸,2017-09-26 11:41:33.000,2017-09-26 12:31:57.000,3024,变流器（控制器部分）,故障和告警
五里坡公司3号一期风电场,HFJ070,5854,发电机轴承润滑故障,2017-09-25 17:44:31.000,2017-09-25 17:47:04.000,153,润滑系统,故障和告警
五里坡公司3号一期风电场,HFJ070,6507,UPS逆变故障,2017-09-25 17:20:17.000,2017-09-25 17:20:35.000,18,其他,故障和告警
五里坡公司3号一期风电场,HFJ070,1029,以太网接收故障,2017-09-25 17:20:17.000,2017-09-25 17:29:55.000,578,其他,故障和告警
五里坡公司3号一期风电场,HFJ070,5482,桨叶2充电传感器故障,2017-09-25 17:20:17.000,2017-09-25 17:22:49.000,152,桨叶硬件,故障和告警
五里坡公司3号一期风电场,HFJ070,5483,桨叶1刹车电压故障,2017-09-25 17:20:17.000,2017-09-25 17:22:49.000,152,桨叶硬件,故障和告警
五里坡公司3号一期风电场,HFJ070,5478,桨叶1充电器故障,2017-09-25 17:20:17.000,2017-09-25 17:29:55.000,578,桨叶硬件,故障和告警
五里坡公司3号一期风电场,HFJ070,5509,机舱位置标定中,2017-09-25 17:20:17.000,2017-09-25 17:45:18.000,1501,偏航,故障和告警
五里坡公司3号一期风电场,HFJ070,5002,安全链2触发,2017-09-25 17:20:17.000,2017-09-25 17:29:55.000,578,安全链,故障和告警
五里坡公司3号一期风电场,HFJ070,45,主控制器失电,2017-09-25 17:20:17.000,2017-09-25 17:20:35.000,18,控制器,故障和告警
五里坡公司3号一期风电场,HFJ070,5480,桨叶3充电器故障,2017-09-25 17:20:17.000,2017-09-25 17:29:55.000,578,桨叶硬件,故障和告警
五里坡公司3号一期风电场,HFJ070,6508,UPS保护关机,2017-09-25 17:20:17.000,2017-09-25 17:20:35.000,18,其他,故障和告警
五里坡公司3号一期风电场,HFJ070,5485,桨叶3刹车电压故障,2017-09-25 17:20:17.000,2017-09-25 17:22:49.000,152,桨叶硬件,故障和告警
五里坡公司3号一期风电场,HFJ070,5437,变桨系统内部硬件连接故障,2017-09-25 17:20:17.000,2017-09-25 17:22:49.000,152,桨叶硬件,故障和告警
五里坡公司3号一期风电场,HFJ070,5432,变桨系统通讯故障,2017-09-25 17:20:17.000,2017-09-25 17:22:49.000,152,桨叶硬件,故障和告警
五里坡公司3号一期风电场,HFJ070,102,电网电压跌落,2017-09-25 17:20:17.000,2017-09-25 17:23:33.000,196,电网,故障和告警
五里坡公司3号一期风电场,HFJ070,5479,桨叶2充电器故障,2017-09-25 17:20:17.000,2017-09-25 17:29:55.000,578,桨叶硬件,故障和告警
五里坡公司3号一期风电场,HFJ070,5484,桨叶2刹车电压故障,2017-09-25 17:20:17.000,2017-09-25 17:22:49.000,152,桨叶硬件,故障和告警
五里坡公司3号一期风电场,HFJ070,5481,桨叶2断路器跳闸,2017-09-25 17:20:17.000,2017-09-25 17:22:49.000,152,桨叶硬件,故障和告警
五里坡公司3号一期风电场,HFJ070,5109,SCADA停机,2017-09-25 11:47:45.000,2017-09-25 17:20:17.000,19952,控制器,故障和告警
五里坡公司3号一期风电场,HFJ070,5922,小风正常停机,2017-09-25 07:44:29.000,2017-09-25 07:44:38.000,9,变流器（控制器部分）,故障和告警
五里坡公司3号一期风电场,HFJ070,5922,小风正常停机,2017-09-24 08:22:45.000,2017-09-24 08:23:01.000,16,变流器（控制器部分）,故障和告警
五里坡公司3号一期风电场,HFJ070,5922,小风正常停机,2017-09-22 12:50:11.000,2017-09-22 12:50:20.000,9,变流器（控制器部分）,故障和告警
五里坡公司3号一期风电场,HFJ070,5922,小风正常停机,2017-09-22 10:53:49.000,2017-09-22 10:53:58.000,9,变流器（控制器部分）,故障和告警
五里坡公司3号一期风电场,HFJ070,5107,塔基手动正常停机,2017-09-21 00:30:46.000,2017-09-21 13:52:55.000,48129,控制器,故障和告警
五里坡公司3号一期风电场,HFJ070,5922,小风正常停机,2017-09-20 15:21:57.000,2017-09-20 15:22:09.000,12,变流器（控制器部分）,故障和告警
五里坡公司3号一期风电场,HFJ070,5922,小风正常停机,2017-09-20 11:53:28.000,2017-09-20 11:53:37.000,9,变流器（控制器部分）,故障和告警
五里坡公司3号一期风电场,HFJ070,5107,塔基手动正常停机,2017-09-19 00:48:33.000,2017-09-19 14:54:52.000,50779,控制器,故障和告警
五里坡公司3号一期风电场,HFJ070,5107,塔基手动正常停机,2017-09-16 23:13:49.000,2017-09-18 01:41:47.000,95278,控制器,故障和告警
五里坡公司3号一期风电场,HFJ070,5941,变流器跳闸,2017-09-16 17:06:00.000,2017-09-16 17:09:17.000,197,变流器（控制器部分）,故障和告警
五里坡公司3号一期风电场,HFJ070,5007,塔底紧停按钮触发,2017-09-16 17:06:00.000,2017-09-16 17:09:17.000,197,安全链,故障和告警
五里坡公司3号一期风电场,HFJ070,5001,硬件看门狗触发安全链,2017-09-16 17:06:00.000,2017-09-16 17:09:28.000,208,安全链,故障和告警
五里坡公司3号一期风电场,HFJ070,5002,安全链2触发,2017-09-16 17:06:00.000,2017-09-16 17:09:28.000,208,安全链,故障和告警
五里坡公司3号一期风电场,HFJ070,5119,机舱手动偏航使能,2017-09-16 17:06:00.000,2017-09-16 17:09:28.000,208,控制器,故障和告警
五里坡公司3号一期风电场,HFJ070,5003,风轮过转速(H),2017-09-16 17:06:00.000,2017-09-16 17:09:28.000,208,安全链,故障和告警
五里坡公司3号一期风电场,HFJ070,64025,主控制器安全链输入丢失(OS),2017-09-16 17:06:00.000,2017-09-16 17:09:28.000,208,控制器,故障和告警
五里坡公司3号一期风电场,HFJ070,5108,维护模式,2017-09-16 17:06:00.000,2017-09-16 17:09:28.000,208,控制器,故障和告警
五里坡公司3号一期风电场,HFJ070,5005,过振动(H),2017-09-16 17:06:00.000,2017-09-16 17:09:28.000,208,安全链,故障和告警
五里坡公司3号一期风电场,HFJ070,5010,安全继电器触发,2017-09-16 17:06:00.000,2017-09-16 17:09:28.000,208,安全链,故障和告警
五里坡公司3号一期风电场,HFJ070,5012,安全链1触发,2017-09-16 17:06:00.000,2017-09-16 17:09:28.000,208,安全链,故障和告警
五里坡公司3号一期风电场,HFJ070,5004,发电机过转速(H),2017-09-16 17:06:00.000,2017-09-16 17:09:28.000,208,安全链,故障和告警
五里坡公司3号一期风电场,HFJ070,5011,主断路器跳闸,2017-09-16 17:06:00.000,2017-09-16 17:09:28.000,208,安全链,故障和告警
五里坡公司3号一期风电场,HFJ070,5920,机组发电机过转速,2017-09-16 17:00:35.000,2017-09-16 17:01:12.000,37,变流器（控制器部分）,故障和告警
五里坡公司3号一期风电场,HFJ070,6501,HMI手动停机,2017-09-16 16:55:23.000,2017-09-16 16:56:15.000,52,控制器,故障和告警
五里坡公司3号一期风电场,HFJ070,5108,维护模式,2017-09-16 16:41:13.000,2017-09-16 16:49:52.000,519,控制器,故障和告警
五里坡公司3号一期风电场,HFJ070,6501,HMI手动停机,2017-09-16 16:40:14.000,2017-09-16 16:49:52.000,578,控制器,故障和告警
五里坡公司3号一期风电场,HFJ070,5002,安全链2触发,2017-09-16 16:02:21.000,2017-09-16 16:03:38.000,77,安全链,故障和告警
五里坡公司3号一期风电场,HFJ070,5011,主断路器跳闸,2017-09-16 16:02:21.000,2017-09-16 16:03:38.000,77,安全链,故障和告警
五里坡公司3号一期风电场,HFJ070,5001,硬件看门狗触发安全链,2017-09-16 16:02:21.000,2017-09-16 16:03:38.000,77,安全链,故障和告警
五里坡公司3号一期风电场,HFJ070,5010,安全继电器触发,2017-09-16 16:02:21.000,2017-09-16 16:03:38.000,77,安全链,故障和告警
五里坡公司3号一期风电场,HFJ070,5004,发电机过转速(H),2017-09-16 16:02:21.000,2017-09-16 16:03:38.000,77,安全链,故障和告警
五里坡公司3号一期风电场,HFJ070,5007,塔底紧停按钮触发,2017-09-16 16:02:21.000,2017-09-16 16:03:38.000,77,安全链,故障和告警
五里坡公司3号一期风电场,HFJ070,5005,过振动(H),2017-09-16 16:02:21.000,2017-09-16 16:03:38.000,77,安全链,故障和告警
五里坡公司3号一期风电场,HFJ070,5119,机舱手动偏航使能,2017-09-16 16:02:21.000,2017-09-16 16:03:38.000,77,控制器,故障和告警
五里坡公司3号一期风电场,HFJ070,5003,风轮过转速(H),2017-09-16 16:02:21.000,2017-09-16 16:03:38.000,77,安全链,故障和告警
五里坡公司3号一期风电场,HFJ070,5012,安全链1触发,2017-09-16 16:02:21.000,2017-09-16 16:03:38.000,77,安全链,故障和告警
五里坡公司3号一期风电场,HFJ070,64025,主控制器安全链输入丢失(OS),2017-09-16 16:02:21.000,2017-09-16 16:03:38.000,77,控制器,故障和告警
五里坡公司3号一期风电场,HFJ070,6501,HMI手动停机,2017-09-16 15:54:09.000,2017-09-16 16:00:11.000,362,控制器,故障和告警
五里坡公司3号一期风电场,HFJ070,6108,变桨紧急事件触发,2017-09-16 15:52:17.000,2017-09-16 16:00:20.000,483,桨叶软件,故障和告警
五里坡公司3号一期风电场,HFJ070,6501,HMI手动停机,2017-09-16 15:49:52.000,2017-09-16 15:52:17.000,145,控制器,故障和告警
五里坡公司3号一期风电场,HFJ070,64011,手动重启(OS),2017-09-16 15:49:52.000,2017-09-16 15:52:17.000,145,控制器,故障和告警
五里坡公司3号一期风电场,HFJ070,5479,桨叶2充电器故障,2017-09-16 15:41:19.000,2017-09-16 16:00:11.000,1132,桨叶硬件,故障和告警
五里坡公司3号一期风电场,HFJ070,5437,变桨系统内部硬件连接故障,2017-09-16 15:41:19.000,2017-09-16 16:00:11.000,1132,桨叶硬件,故障和告警
五里坡公司3号一期风电场,HFJ070,64037,非正常关机(OS),2017-09-16 15:41:19.000,2017-09-16 16:00:11.000,1132,控制器,故障和告警
五里坡公司3号一期风电场,HFJ070,5941,变流器跳闸,2017-09-16 15:41:19.000,2017-09-16 16:00:11.000,1132,变流器（控制器部分）,故障和告警
五里坡公司3号一期风电场,HFJ070,5482,桨叶2充电传感器故障,2017-09-16 15:41:19.000,2017-09-16 16:00:11.000,1132,桨叶硬件,故障和告警
五里坡公司3号一期风电场,HFJ070,5483,桨叶1刹车电压故障,2017-09-16 15:41:19.000,2017-09-16 16:00:11.000,1132,桨叶硬件,故障和告警
五里坡公司3号一期风电场,HFJ070,5485,桨叶3刹车电压故障,2017-09-16 15:41:19.000,2017-09-16 16:00:11.000,1132,桨叶硬件,故障和告警
五里坡公司3号一期风电场,HFJ070,5478,桨叶1充电器故障,2017-09-16 15:41:19.000,2017-09-16 16:00:11.000,1132,桨叶硬件,故障和告警
五里坡公司3号一期风电场,HFJ070,5432,变桨系统通讯故障,2017-09-16 15:41:19.000,2017-09-16 16:00:11.000,1132,桨叶硬件,故障和告警
五里坡公司3号一期风电场,HFJ070,5002,安全链2触发,2017-09-16 15:41:19.000,2017-09-16 16:00:11.000,1132,安全链,故障和告警
五里坡公司3号一期风电场,HFJ070,5481,桨叶2断路器跳闸,2017-09-16 15:41:19.000,2017-09-16 16:00:11.000,1132,桨叶硬件,故障和告警
五里坡公司3号一期风电场,HFJ070,5480,桨叶3充电器故障,2017-09-16 15:41:19.000,2017-09-16 16:00:11.000,1132,桨叶硬件,故障和告警
五里坡公司3号一期风电场,HFJ070,5484,桨叶2刹车电压故障,2017-09-16 15:41:19.000,2017-09-16 16:00:11.000,1132,桨叶硬件,故障和告警
五里坡公司3号一期风电场,HFJ070,5509,机舱位置标定中,2017-09-16 15:41:19.000,2017-09-16 16:09:20.000,1681,偏航,故障和告警
五里坡公司3号一期风电场,HFJ070,5108,维护模式,2017-09-16 15:12:36.000,2017-09-16 16:10:31.000,3475,控制器,故障和告警
五里坡公司3号一期风电场,HFJ070,5107,塔基手动正常停机,2017-09-16 15:11:25.000,2017-09-16 15:41:19.000,1794,控制器,故障和告警
五里坡公司3号一期风电场,HFJ070,5505,右扭缆超限,2017-09-16 09:45:53.000,2017-09-16 09:46:18.000,25,偏航,故障和告警
五里坡公司3号一期风电场,HFJ070,5507,偏航自动解缆中,2017-09-16 09:45:53.000,2017-09-16 10:03:01.000,1028,偏航,故障和告警
五里坡公司3号一期风电场,HFJ070,5003,风轮过转速(H),2017-09-14 19:13:46.000,2017-09-14 19:24:02.000,616,安全链,故障和告警
五里坡公司3号一期风电场,HFJ070,5004,发电机过转速(H),2017-09-14 19:13:46.000,2017-09-14 19:24:02.000,616,安全链,故障和告警
五里坡公司3号一期风电场,HFJ070,5001,硬件看门狗触发安全链,2017-09-14 19:13:46.000,2017-09-14 19:24:02.000,616,安全链,故障和告警
五里坡公司3号一期风电场,HFJ070,5941,变流器跳闸,2017-09-14 18:49:54.000,2017-09-14 18:54:11.000,257,变流器（控制器部分）,故障和告警
五里坡公司3号一期风电场,HFJ070,5001,硬件看门狗触发安全链,2017-09-14 18:49:54.000,2017-09-14 18:54:11.000,257,安全链,故障和告警
五里坡公司3号一期风电场,HFJ070,5003,风轮过转速(H),2017-09-14 18:49:54.000,2017-09-14 18:54:11.000,257,安全链,故障和告警
五里坡公司3号一期风电场,HFJ070,5004,发电机过转速(H),2017-09-14 18:49:54.000,2017-09-14 18:54:11.000,257,安全链,故障和告警
五里坡公司3号一期风电场,HFJ070,5002,安全链2触发,2017-09-14 18:49:54.000,2017-09-14 19:24:02.000,2048,安全链,故障和告警
五里坡公司3号一期风电场,HFJ070,64025,主控制器安全链输入丢失(OS),2017-09-14 18:49:54.000,2017-09-14 19:24:02.000,2048,控制器,故障和告警
五里坡公司3号一期风电场,HFJ070,5922,小风正常停机,2017-09-13 15:07:47.000,2017-09-13 15:08:03.000,16,变流器（控制器部分）,故障和告警
五里坡公司3号一期风电场,HFJ070,5922,小风正常停机,2017-09-11 11:17:56.000,2017-09-11 11:18:07.000,11,变流器（控制器部分）,故障和告警
五里坡公司3号一期风电场,HFJ070,5615,齿轮箱油温高,2017-09-09 17:38:14.000,2017-09-09 17:41:14.000,180,齿轮箱,故障和告警
五里坡公司3号一期风电场,HFJ070,5920,机组发电机过转速,2017-09-09 16:03:29.000,2017-09-09 16:08:03.000,274,变流器（控制器部分）,故障和告警
五里坡公司3号一期风电场,HFJ070,5933,机组风轮过转速,2017-09-09 16:03:29.000,2017-09-09 16:08:03.000,274,变流器（控制器部分）,故障和告警
五里坡公司3号一期风电场,HFJ070,5922,小风正常停机,2017-09-08 03:23:44.000,2017-09-08 03:23:57.000,13,变流器（控制器部分）,故障和告警
五里坡公司3号一期风电场,HFJ070,5922,小风正常停机,2017-09-02 11:51:55.000,2017-09-02 11:52:04.000,9,变流器（控制器部分）,故障和告警
五里坡公司3号一期风电场,HFJ070,5924,风机欠功率,2017-08-31 08:17:31.000,2017-08-31 08:17:43.000,12,变流器（控制器部分）,故障和告警
五里坡公司3号一期风电场,HFJ070,5922,小风正常停机,2017-08-28 09:18:19.000,2017-08-28 09:18:31.000,12,变流器（控制器部分）,故障和告警
五里坡公司3号一期风电场,HFJ070,5506,左扭缆超限,2017-08-24 12:42:24.000,2017-08-24 12:42:35.000,11,偏航,故障和告警
五里坡公司3号一期风电场,HFJ070,5507,偏航自动解缆中,2017-08-24 12:42:24.000,2017-08-24 12:59:26.000,1022,偏航,故障和告警
五里坡公司3号一期风电场,HFJ070,5922,小风正常停机,2017-08-21 11:21:06.000,2017-08-21 11:21:17.000,11,变流器（控制器部分）,故障和告警
五里坡公司3号一期风电场,HFJ070,5922,小风正常停机,2017-08-20 16:48:57.000,2017-08-20 16:49:05.000,8,变流器（控制器部分）,故障和告警
五里坡公司3号一期风电场,HFJ070,6508,UPS保护关机,2017-08-18 14:44:52.000,2017-08-18 14:45:02.000,10,其他,故障和告警
五里坡公司3号一期风电场,HFJ070,5922,小风正常停机,2017-08-17 17:08:38.000,2017-08-17 17:08:49.000,11,变流器（控制器部分）,故障和告警
五里坡公司3号一期风电场,HFJ070,6508,UPS保护关机,2017-08-17 15:26:31.000,2017-08-17 15:26:39.000,8,其他,故障和告警
五里坡公司3号一期风电场,HFJ070,6508,UPS保护关机,2017-08-17 13:55:19.000,2017-08-17 13:55:28.000,9,其他,故障和告警
五里坡公司3号一期风电场,HFJ070,6508,UPS保护关机,2017-08-17 13:54:54.000,2017-08-17 13:55:02.000,8,其他,故障和告警
五里坡公司3号一期风电场,HFJ070,6508,UPS保护关机,2017-08-17 11:12:16.000,2017-08-17 11:12:25.000,9,其他,故障和告警
五里坡公司3号一期风电场,HFJ070,6508,UPS保护关机,2017-08-16 13:08:33.000,2017-08-16 13:08:43.000,10,其他,故障和告警
五里坡公司3号一期风电场,HFJ070,6508,UPS保护关机,2017-08-15 17:37:02.000,2017-08-15 17:37:10.000,8,其他,故障和告警
五里坡公司3号一期风电场,HFJ070,5505,右扭缆超限,2017-08-13 15:42:51.000,2017-08-13 15:43:03.000,12,偏航,故障和告警
五里坡公司3号一期风电场,HFJ070,5507,偏航自动解缆中,2017-08-13 15:42:51.000,2017-08-13 15:59:45.000,1014,偏航,故障和告警
五里坡公司3号一期风电场,HFJ070,5924,风机欠功率,2017-08-12 20:16:36.000,2017-08-12 20:16:47.000,11,变流器（控制器部分）,故障和告警
五里坡公司3号一期风电场,HFJ070,5109,SCADA停机,2017-08-12 00:51:44.000,2017-08-12 00:53:22.000,98,控制器,故障和告警
五里坡公司3号一期风电场,HFJ070,45,主控制器失电,2017-08-12 00:38:06.000,2017-08-12 00:38:29.000,23,控制器,故障和告警
五里坡公司3号一期风电场,HFJ070,5485,桨叶3刹车电压故障,2017-08-12 00:38:06.000,2017-08-12 00:39:54.000,108,桨叶硬件,故障和告警
五里坡公司3号一期风电场,HFJ070,5509,机舱位置标定中,2017-08-12 00:38:06.000,2017-08-12 01:01:35.000,1409,偏航,故障和告警
五里坡公司3号一期风电场,HFJ070,5484,桨叶2刹车电压故障,2017-08-12 00:38:06.000,2017-08-12 00:39:54.000,108,桨叶硬件,故障和告警
五里坡公司3号一期风电场,HFJ070,5482,桨叶2充电传感器故障,2017-08-12 00:38:06.000,2017-08-12 00:39:54.000,108,桨叶硬件,故障和告警
五里坡公司3号一期风电场,HFJ070,5483,桨叶1刹车电压故障,2017-08-12 00:38:06.000,2017-08-12 00:39:54.000,108,桨叶硬件,故障和告警
五里坡公司3号一期风电场,HFJ070,1029,以太网接收故障,2017-08-12 00:38:06.000,2017-08-12 00:46:59.000,533,其他,故障和告警
五里坡公司3号一期风电场,HFJ070,5002,安全链2触发,2017-08-12 00:38:06.000,2017-08-12 00:46:59.000,533,安全链,故障和告警
五里坡公司3号一期风电场,HFJ070,5478,桨叶1充电器故障,2017-08-12 00:38:06.000,2017-08-12 00:42:43.000,277,桨叶硬件,故障和告警
五里坡公司3号一期风电场,HFJ070,5480,桨叶3充电器故障,2017-08-12 00:38:06.000,2017-08-12 00:42:43.000,277,桨叶硬件,故障和告警
五里坡公司3号一期风电场,HFJ070,5437,变桨系统内部硬件连接故障,2017-08-12 00:38:06.000,2017-08-12 00:39:54.000,108,桨叶硬件,故障和告警
五里坡公司3号一期风电场,HFJ070,64037,非正常关机(OS),2017-08-12 00:38:06.000,2017-08-12 00:46:59.000,533,控制器,故障和告警
五里坡公司3号一期风电场,HFJ070,5479,桨叶2充电器故障,2017-08-12 00:38:06.000,2017-08-12 00:42:43.000,277,桨叶硬件,故障和告警
五里坡公司3号一期风电场,HFJ070,5481,桨叶2断路器跳闸,2017-08-12 00:38:06.000,2017-08-12 00:39:54.000,108,桨叶硬件,故障和告警
五里坡公司3号一期风电场,HFJ070,6507,UPS逆变故障,2017-08-12 00:38:06.000,2017-08-12 00:38:29.000,23,其他,故障和告警
五里坡公司3号一期风电场,HFJ070,102,电网电压跌落,2017-08-12 00:38:06.000,2017-08-12 00:41:21.000,195,电网,故障和告警
五里坡公司3号一期风电场,HFJ070,5432,变桨系统通讯故障,2017-08-12 00:38:06.000,2017-08-12 00:39:54.000,108,桨叶硬件,故障和告警
五里坡公司3号一期风电场,HFJ070,6508,UPS保护关机,2017-08-12 00:38:06.000,2017-08-12 00:38:29.000,23,其他,故障和告警
五里坡公司3号一期风电场,HFJ070,5109,SCADA停机,2017-08-07 07:17:46.000,2017-08-11 10:16:52.000,356346,控制器,故障和告警
五里坡公司3号一期风电场,HFJ070,5485,桨叶3刹车电压故障,2017-08-07 07:11:54.000,2017-08-11 10:16:52.000,356698,桨叶硬件,故障和告警
五里坡公司3号一期风电场,HFJ070,5480,桨叶3充电器故障,2017-08-07 07:11:54.000,2017-08-11 10:16:52.000,356698,桨叶硬件,故障和告警
五里坡公司3号一期风电场,HFJ070,5509,机舱位置标定中,2017-08-07 07:11:54.000,2017-08-11 10:16:52.000,356698,偏航,故障和告警
五里坡公司3号一期风电场,HFJ070,5941,变流器跳闸,2017-08-07 07:11:54.000,2017-08-11 10:16:52.000,356698,变流器（控制器部分）,故障和告警
五里坡公司3号一期风电场,HFJ070,5437,变桨系统内部硬件连接故障,2017-08-07 07:11:54.000,2017-08-11 10:16:52.000,356698,桨叶硬件,故障和告警
五里坡公司3号一期风电场,HFJ070,5482,桨叶2充电传感器故障,2017-08-07 07:11:54.000,2017-08-11 10:16:52.000,356698,桨叶硬件,故障和告警
五里坡公司3号一期风电场,HFJ070,5483,桨叶1刹车电压故障,2017-08-07 07:11:54.000,2017-08-11 10:16:52.000,356698,桨叶硬件,故障和告警
五里坡公司3号一期风电场,HFJ070,5479,桨叶2充电器故障,2017-08-07 07:11:54.000,2017-08-11 10:16:52.000,356698,桨叶硬件,故障和告警
五里坡公司3号一期风电场,HFJ070,5478,桨叶1充电器故障,2017-08-07 07:11:54.000,2017-08-11 10:16:52.000,356698,桨叶硬件,故障和告警
五里坡公司3号一期风电场,HFJ070,64037,非正常关机(OS),2017-08-07 07:11:54.000,2017-08-11 10:16:52.000,356698,控制器,故障和告警
五里坡公司3号一期风电场,HFJ070,5432,变桨系统通讯故障,2017-08-07 07:11:54.000,2017-08-11 10:16:52.000,356698,桨叶硬件,故障和告警
五里坡公司3号一期风电场,HFJ070,5002,安全链2触发,2017-08-07 07:11:54.000,2017-08-11 10:16:52.000,356698,安全链,故障和告警
五里坡公司3号一期风电场,HFJ070,5484,桨叶2刹车电压故障,2017-08-07 07:11:54.000,2017-08-11 10:16:52.000,356698,桨叶硬件,故障和告警
五里坡公司3号一期风电场,HFJ070,5481,桨叶2断路器跳闸,2017-08-07 07:11:54.000,2017-08-11 10:16:52.000,356698,桨叶硬件,故障和告警
五里坡公司3号一期风电场,HFJ070,5109,SCADA停机,2017-08-07 06:36:43.000,2017-08-07 07:11:54.000,2111,控制器,故障和告警
五里坡公司3号一期风电场,HFJ070,5922,小风正常停机,2017-08-07 04:58:43.000,2017-08-07 04:59:04.000,21,变流器（控制器部分）,故障和告警
五里坡公司3号一期风电场,HFJ070,5505,右扭缆超限,2017-08-03 21:40:38.000,2017-08-03 21:41:17.000,39,偏航,故障和告警
五里坡公司3号一期风电场,HFJ070,5507,偏航自动解缆中,2017-08-03 21:40:38.000,2017-08-03 21:57:49.000,1031,偏航,故障和告警
五里坡公司3号一期风电场,HFJ070,5922,小风正常停机,2017-08-03 12:02:14.000,2017-08-03 12:02:43.000,29,变流器（控制器部分）,故障和告警
五里坡公司3号一期风电场,HFJ070,5922,小风正常停机,2017-08-02 17:43:31.000,2017-08-02 17:44:10.000,39,变流器（控制器部分）,故障和告警
五里坡公司3号一期风电场,HFJ070,5507,偏航自动解缆中,2017-08-02 13:54:39.000,2017-08-02 14:12:19.000,1060,偏航,故障和告警
五里坡公司3号一期风电场,HFJ070,5505,右扭缆超限,2017-08-02 13:54:39.000,2017-08-02 13:55:33.000,54,偏航,故障和告警
五里坡公司3号一期风电场,HFJ070,5922,小风正常停机,2017-07-29 14:36:24.000,2017-07-29 14:36:58.000,34,变流器（控制器部分）,故障和告警
五里坡公司3号一期风电场,HFJ070,5507,偏航自动解缆中,2017-07-25 16:13:38.000,2017-07-25 16:30:47.000,1029,偏航,故障和告警
五里坡公司3号一期风电场,HFJ070,5505,右扭缆超限,2017-07-25 16:13:38.000,2017-07-25 16:14:01.000,23,偏航,故障和告警
五里坡公司3号一期风电场,HFJ070,5922,小风正常停机,2017-07-22 14:03:53.000,2017-07-22 14:04:16.000,23,变流器（控制器部分）,故障和告警
五里坡公司3号一期风电场,HFJ070,6411,启机等风超时待机,2017-07-22 10:50:12.000,2017-07-22 10:50:33.000,21,超时,故障和告警
五里坡公司3号一期风电场,HFJ070,5121,能量管理平台停机,2017-07-18 17:13:53.000,2017-07-18 17:21:20.000,447,控制器,故障和告警
五里坡公司3号一期风电场,HFJ070,5615,齿轮箱油温高,2017-07-14 18:08:43.000,2017-07-14 18:11:45.000,182,齿轮箱,故障和告警
五里坡公司3号一期风电场,HFJ070,5507,偏航自动解缆中,2017-07-14 13:30:54.000,2017-07-14 13:47:46.000,1012,偏航,故障和告警
五里坡公司3号一期风电场,HFJ070,5615,齿轮箱油温高,2017-07-13 01:31:20.000,2017-07-13 01:33:50.000,150,齿轮箱,故障和告警
五里坡公司3号一期风电场,HFJ070,5615,齿轮箱油温高,2017-07-13 00:21:04.000,2017-07-13 00:23:53.000,169,齿轮箱,故障和告警
五里坡公司3号一期风电场,HFJ070,5615,齿轮箱油温高,2017-07-12 23:40:17.000,2017-07-12 23:44:17.000,240,齿轮箱,故障和告警
五里坡公司3号一期风电场,HFJ070,5615,齿轮箱油温高,2017-07-12 23:01:30.000,2017-07-12 23:06:34.000,304,齿轮箱,故障和告警
五里坡公司3号一期风电场,HFJ070,5615,齿轮箱油温高,2017-07-12 22:22:10.000,2017-07-12 22:28:46.000,396,齿轮箱,故障和告警
五里坡公司3号一期风电场,HFJ070,5615,齿轮箱油温高,2017-07-12 21:41:36.000,2017-07-12 21:45:58.000,262,齿轮箱,故障和告警
五里坡公司3号一期风电场,HFJ070,5922,小风正常停机,2017-07-11 18:08:23.000,2017-07-11 18:09:07.000,44,变流器（控制器部分）,故障和告警
五里坡公司3号一期风电场,HFJ070,5507,偏航自动解缆中,2017-07-11 13:37:41.000,2017-07-11 13:54:37.000,1016,偏航,故障和告警
五里坡公司3号一期风电场,HFJ070,5121,能量管理平台停机,2017-07-08 14:42:30.000,2017-07-08 16:04:34.000,4924,控制器,故障和告警
五里坡公司3号一期风电场,HFJ070,5107,塔基手动正常停机,2017-07-08 14:27:22.000,2017-07-08 14:28:05.000,43,控制器,故障和告警
五里坡公司3号一期风电场,HFJ070,5108,维护模式,2017-07-08 14:19:49.000,2017-07-08 14:20:31.000,42,控制器,故障和告警
五里坡公司3号一期风电场,HFJ070,5108,维护模式,2017-07-08 14:18:46.000,2017-07-08 14:19:08.000,22,控制器,故障和告警
五里坡公司3号一期风电场,HFJ070,5108,维护模式,2017-07-08 14:16:39.000,2017-07-08 14:17:21.000,42,控制器,故障和告警
五里坡公司3号一期风电场,HFJ070,5509,机舱位置标定中,2017-07-08 14:16:39.000,2017-07-08 14:23:47.000,428,偏航,故障和告警
五里坡公司3号一期风电场,HFJ070,1029,以太网接收故障,2017-07-08 13:49:49.000,2017-07-08 14:16:39.000,1610,其他,故障和告警
五里坡公司3号一期风电场,HFJ070,5483,桨叶1刹车电压故障,2017-07-08 13:49:28.000,2017-07-08 14:16:39.000,1631,桨叶硬件,故障和告警
五里坡公司3号一期风电场,HFJ070,5481,桨叶2断路器跳闸,2017-07-08 13:49:28.000,2017-07-08 14:16:39.000,1631,桨叶硬件,故障和告警
五里坡公司3号一期风电场,HFJ070,5001,硬件看门狗触发安全链,2017-07-08 13:49:28.000,2017-07-08 14:16:39.000,1631,安全链,故障和告警
五里坡公司3号一期风电场,HFJ070,5004,发电机过转速(H),2017-07-08 13:49:28.000,2017-07-08 14:16:39.000,1631,安全链,故障和告警
五里坡公司3号一期风电场,HFJ070,5011,主断路器跳闸,2017-07-08 13:49:28.000,2017-07-08 14:16:39.000,1631,安全链,故障和告警
五里坡公司3号一期风电场,HFJ070,5478,桨叶1充电器故障,2017-07-08 13:49:28.000,2017-07-08 14:16:39.000,1631,桨叶硬件,故障和告警
五里坡公司3号一期风电场,HFJ070,5003,风轮过转速(H),2017-07-08 13:49:28.000,2017-07-08 14:16:39.000,1631,安全链,故障和告警
五里坡公司3号一期风电场,HFJ070,5479,桨叶2充电器故障,2017-07-08 13:49:28.000,2017-07-08 14:16:39.000,1631,桨叶硬件,故障和告警
五里坡公司3号一期风电场,HFJ070,5482,桨叶2充电传感器故障,2017-07-08 13:49:28.000,2017-07-08 14:16:39.000,1631,桨叶硬件,故障和告警
五里坡公司3号一期风电场,HFJ070,5484,桨叶2刹车电压故障,2017-07-08 13:49:28.000,2017-07-08 14:16:39.000,1631,桨叶硬件,故障和告警
五里坡公司3号一期风电场,HFJ070,5010,安全继电器触发,2017-07-08 13:49:28.000,2017-07-08 14:16:39.000,1631,安全链,故障和告警
五里坡公司3号一期风电场,HFJ070,5432,变桨系统通讯故障,2017-07-08 13:49:28.000,2017-07-08 14:16:39.000,1631,桨叶硬件,故障和告警
五里坡公司3号一期风电场,HFJ070,64025,主控制器安全链输入丢失(OS),2017-07-08 13:49:28.000,2017-07-08 14:16:39.000,1631,控制器,故障和告警
五里坡公司3号一期风电场,HFJ070,5437,变桨系统内部硬件连接故障,2017-07-08 13:49:28.000,2017-07-08 14:16:39.000,1631,桨叶硬件,故障和告警
五里坡公司3号一期风电场,HFJ070,5485,桨叶3刹车电压故障,2017-07-08 13:49:28.000,2017-07-08 14:16:39.000,1631,桨叶硬件,故障和告警
五里坡公司3号一期风电场,HFJ070,45,主控制器失电,2017-07-08 13:49:28.000,2017-07-08 13:49:49.000,21,控制器,故障和告警
五里坡公司3号一期风电场,HFJ070,5005,过振动(H),2017-07-08 13:49:28.000,2017-07-08 14:16:39.000,1631,安全链,故障和告警
五里坡公司3号一期风电场,HFJ070,5012,安全链1触发,2017-07-08 13:49:28.000,2017-07-08 14:16:39.000,1631,安全链,故障和告警
五里坡公司3号一期风电场,HFJ070,5480,桨叶3充电器故障,2017-07-08 13:49:28.000,2017-07-08 14:16:39.000,1631,桨叶硬件,故障和告警
五里坡公司3号一期风电场,HFJ070,6504,风轮锁紧销未退出,2017-07-08 12:36:43.000,2017-07-08 13:49:28.000,4365,其他,故障和告警
五里坡公司3号一期风电场,HFJ070,5475,5min平均桨距角3超限,2017-07-08 12:08:28.000,2017-07-08 13:49:28.000,6060,桨叶硬件,故障和告警
五里坡公司3号一期风电场,HFJ070,5464,桨叶 3 0.5s平均桨距角超限,2017-07-08 12:05:12.000,2017-07-08 13:49:28.000,6256,桨叶硬件,故障和告警
五里坡公司3号一期风电场,HFJ070,5474,5min平均桨距角2超限,2017-07-08 11:48:16.000,2017-07-08 13:49:28.000,7272,桨叶硬件,故障和告警
五里坡公司3号一期风电场,HFJ070,5463,桨叶 2 0.5s平均桨距角超限,2017-07-08 11:44:45.000,2017-07-08 13:49:28.000,7483,桨叶硬件,故障和告警
五里坡公司3号一期风电场,HFJ070,5473,5min平均桨距角1超限,2017-07-08 11:31:09.000,2017-07-08 13:49:28.000,8299,桨叶硬件,故障和告警
五里坡公司3号一期风电场,HFJ070,5462,桨叶 1 0.5s平均桨距角超限,2017-07-08 11:27:32.000,2017-07-08 13:49:28.000,8516,桨叶硬件,故障和告警
五里坡公司3号一期风电场,HFJ070,5531,偏航电机3-4断路器跳闸,2017-07-08 11:27:11.000,2017-07-08 13:49:28.000,8537,偏航驱动,故障和告警
五里坡公司3号一期风电场,HFJ070,5530,偏航电机1-2断路器跳闸,2017-07-08 11:27:11.000,2017-07-08 13:49:28.000,8537,偏航驱动,故障和告警
五里坡公司3号一期风电场,HFJ070,5002,安全链2触发,2017-07-08 11:26:08.000,2017-07-08 14:16:39.000,10231,安全链,故障和告警
五里坡公司3号一期风电场,HFJ070,5404,桨叶1和3的桨距角差值过大,2017-07-08 11:25:46.000,2017-07-08 13:49:28.000,8622,桨叶软件,故障和告警
五里坡公司3号一期风电场,HFJ070,5403,桨叶1和2的桨距角差值过大,2017-07-08 11:25:46.000,2017-07-08 13:49:28.000,8622,桨叶软件,故障和告警
五里坡公司3号一期风电场,HFJ070,5531,偏航电机3-4断路器跳闸,2017-07-08 11:23:59.000,2017-07-08 11:25:46.000,107,偏航驱动,故障和告警
五里坡公司3号一期风电场,HFJ070,5530,偏航电机1-2断路器跳闸,2017-07-08 11:23:59.000,2017-07-08 11:25:46.000,107,偏航驱动,故障和告警
五里坡公司3号一期风电场,HFJ070,5119,机舱手动偏航使能,2017-07-08 11:21:03.000,2017-07-08 13:49:28.000,8905,控制器,故障和告警
五里坡公司3号一期风电场,HFJ070,5801,高速轴刹车非正常动作,2017-07-08 11:15:24.000,2017-07-08 13:49:28.000,9244,刹车系统,故障和告警
五里坡公司3号一期风电场,HFJ070,64025,主控制器安全链输入丢失(OS),2017-07-08 11:10:01.000,2017-07-08 11:25:46.000,945,控制器,故障和告警
五里坡公司3号一期风电场,HFJ070,5001,硬件看门狗触发安全链,2017-07-08 11:10:01.000,2017-07-08 11:25:46.000,945,安全链,故障和告警
五里坡公司3号一期风电场,HFJ070,5941,变流器跳闸,2017-07-08 11:10:01.000,2017-07-08 11:25:46.000,945,变流器（控制器部分）,故障和告警
五里坡公司3号一期风电场,HFJ070,5002,安全链2触发,2017-07-08 11:10:01.000,2017-07-08 11:25:46.000,945,安全链,故障和告警
五里坡公司3号一期风电场,HFJ070,5004,发电机过转速(H),2017-07-08 11:10:01.000,2017-07-08 11:25:46.000,945,安全链,故障和告警
五里坡公司3号一期风电场,HFJ070,5621,齿轮箱润滑泵断路器跳闸,2017-07-08 11:06:49.000,2017-07-08 13:49:28.000,9759,齿轮箱,故障和告警
五里坡公司3号一期风电场,HFJ070,5620,齿轮箱冷却风扇断路器跳闸,2017-07-08 10:46:32.000,2017-07-08 13:49:28.000,10976,齿轮箱,故障和告警
五里坡公司3号一期风电场,HFJ070,5712,发电机冷却风扇断路器跳闸,2017-07-08 10:46:10.000,2017-07-08 13:49:28.000,10998,发电机,故障和告警
五里坡公司3号一期风电场,HFJ070,6501,HMI手动停机,2017-07-08 10:38:22.000,2017-07-08 11:25:46.000,2844,控制器,故障和告警
五里坡公司3号一期风电场,HFJ070,5108,维护模式,2017-07-08 10:35:48.000,2017-07-08 13:49:28.000,11620,控制器,故障和告警
五里坡公司3号一期风电场,HFJ070,5926,手动测试时发电机过转速试,2017-07-08 10:35:48.000,2017-07-08 10:38:22.000,154,变流器（控制器部分）,故障和告警
五里坡公司3号一期风电场,HFJ070,5107,塔基手动正常停机,2017-07-08 10:35:07.000,2017-07-08 11:25:46.000,3039,控制器,故障和告警
五里坡公司3号一期风电场,HFJ070,5922,小风正常停机,2017-07-07 14:28:50.000,2017-07-07 14:29:11.000,21,变流器（控制器部分）,故障和告警
五里坡公司3号一期风电场,HFJ070,5121,能量管理平台停机,2017-06-23 08:57:42.000,2017-06-23 16:25:14.000,26852,控制器,故障和告警
五里坡公司3号一期风电场,HFJ070,5922,小风正常停机,2017-06-21 04:52:15.000,2017-06-21 04:52:36.000,21,变流器（控制器部分）,故障和告警
五里坡公司3号一期风电场,HFJ070,5507,偏航自动解缆中,2017-06-19 06:24:47.000,2017-06-19 06:42:09.000,1042,偏航,故障和告警
五里坡公司3号一期风电场,HFJ070,5506,左扭缆超限,2017-06-19 06:24:47.000,2017-06-19 06:25:13.000,26,偏航,故障和告警
五里坡公司3号一期风电场,HFJ070,5507,偏航自动解缆中,2017-06-18 12:08:58.000,2017-06-18 12:26:20.000,1042,偏航,故障和告警
五里坡公司3号一期风电场,HFJ070,5505,右扭缆超限,2017-06-18 12:08:58.000,2017-06-18 12:09:40.000,42,偏航,故障和告警
五里坡公司3号一期风电场,HFJ070,5922,小风正常停机,2017-06-16 13:32:33.000,2017-06-16 13:32:53.000,20,变流器（控制器部分）,故障和告警
五里坡公司3号一期风电场,HFJ070,5507,偏航自动解缆中,2017-06-15 12:36:02.000,2017-06-15 12:52:46.000,1004,偏航,故障和告警
五里坡公司3号一期风电场,HFJ070,5505,右扭缆超限,2017-06-15 12:35:36.000,2017-06-15 12:36:02.000,26,偏航,故障和告警
五里坡公司3号一期风电场,HFJ070,5922,小风正常停机,2017-06-13 13:18:06.000,2017-06-13 13:18:44.000,38,变流器（控制器部分）,故障和告警
五里坡公司3号一期风电场,HFJ070,5507,偏航自动解缆中,2017-06-10 14:43:34.000,2017-06-10 15:00:32.000,1018,偏航,故障和告警
五里坡公司3号一期风电场,HFJ070,5505,右扭缆超限,2017-06-10 14:43:34.000,2017-06-10 14:43:56.000,22,偏航,故障和告警
五里坡公司3号一期风电场,HFJ070,5922,小风正常停机,2017-06-08 08:32:07.000,2017-06-08 08:32:34.000,27,变流器（控制器部分）,故障和告警
五里坡公司3号一期风电场,HFJ070,5001,硬件看门狗触发安全链,2017-06-07 09:05:28.000,2017-06-07 09:12:39.000,431,安全链,故障和告警
五里坡公司3号一期风电场,HFJ070,5002,安全链2触发,2017-06-07 09:05:28.000,2017-06-07 09:13:01.000,453,安全链,故障和告警
五里坡公司3号一期风电场,HFJ070,64025,主控制器安全链输入丢失(OS),2017-06-07 09:05:28.000,2017-06-07 09:12:39.000,431,控制器,故障和告警
五里坡公司3号一期风电场,HFJ070,5003,风轮过转速(H),2017-06-07 09:05:28.000,2017-06-07 09:12:39.000,431,安全链,故障和告警
五里坡公司3号一期风电场,HFJ070,5941,变流器跳闸,2017-06-07 09:05:28.000,2017-06-07 09:12:39.000,431,变流器（控制器部分）,故障和告警
五里坡公司3号一期风电场,HFJ070,5004,发电机过转速(H),2017-06-07 09:05:28.000,2017-06-07 09:12:39.000,431,安全链,故障和告警
五里坡公司3号一期风电场,HFJ070,5479,桨叶2充电器故障,2017-06-06 09:49:50.000,2017-06-06 09:56:28.000,398,桨叶硬件,故障和告警
五里坡公司3号一期风电场,HFJ070,5482,桨叶2充电传感器故障,2017-06-06 09:49:50.000,2017-06-06 09:56:28.000,398,桨叶硬件,故障和告警
五里坡公司3号一期风电场,HFJ070,5484,桨叶2刹车电压故障,2017-06-06 09:49:50.000,2017-06-06 09:56:28.000,398,桨叶硬件,故障和告警
五里坡公司3号一期风电场,HFJ070,5432,变桨系统通讯故障,2017-06-06 09:49:50.000,2017-06-06 09:56:28.000,398,桨叶硬件,故障和告警
五里坡公司3号一期风电场,HFJ070,5481,桨叶2断路器跳闸,2017-06-06 09:49:50.000,2017-06-06 09:56:28.000,398,桨叶硬件,故障和告警
五里坡公司3号一期风电场,HFJ070,5478,桨叶1充电器故障,2017-06-06 09:49:50.000,2017-06-06 09:56:28.000,398,桨叶硬件,故障和告警
五里坡公司3号一期风电场,HFJ070,5483,桨叶1刹车电压故障,2017-06-06 09:49:50.000,2017-06-06 09:56:28.000,398,桨叶硬件,故障和告警
五里坡公司3号一期风电场,HFJ070,5002,安全链2触发,2017-06-06 09:49:50.000,2017-06-06 09:56:28.000,398,安全链,故障和告警
五里坡公司3号一期风电场,HFJ070,5480,桨叶3充电器故障,2017-06-06 09:49:50.000,2017-06-06 09:56:28.000,398,桨叶硬件,故障和告警
五里坡公司3号一期风电场,HFJ070,5941,变流器跳闸,2017-06-06 09:49:50.000,2017-06-06 09:56:28.000,398,变流器（控制器部分）,故障和告警
五里坡公司3号一期风电场,HFJ070,5509,机舱位置标定中,2017-06-06 09:49:50.000,2017-06-06 10:04:28.000,878,偏航,故障和告警
五里坡公司3号一期风电场,HFJ070,5485,桨叶3刹车电压故障,2017-06-06 09:49:50.000,2017-06-06 09:56:28.000,398,桨叶硬件,故障和告警
五里坡公司3号一期风电场,HFJ070,5437,变桨系统内部硬件连接故障,2017-06-06 09:49:50.000,2017-06-06 09:56:28.000,398,桨叶硬件,故障和告警
五里坡公司3号一期风电场,HFJ070,6108,变桨紧急事件触发,2017-06-06 09:49:50.000,2017-06-06 09:56:28.000,398,桨叶软件,故障和告警
五里坡公司3号一期风电场,HFJ070,6501,HMI手动停机,2017-06-06 09:43:00.000,2017-06-06 09:49:50.000,410,控制器,故障和告警
五里坡公司3号一期风电场,HFJ070,5608,齿轮箱油泵接触器反馈故障,2017-06-03 12:01:03.000,2017-06-03 13:29:02.000,5279,齿轮箱,故障和告警
五里坡公司3号一期风电场,HFJ070,5607,齿轮箱冷却风扇接触器反馈故障,2017-06-03 11:45:36.000,2017-06-03 13:29:02.000,6206,齿轮箱,故障和告警
五里坡公司3号一期风电场,HFJ070,5620,齿轮箱冷却风扇断路器跳闸,2017-06-03 11:45:07.000,2017-06-03 13:29:02.000,6235,齿轮箱,故障和告警
五里坡公司3号一期风电场,HFJ070,5613,齿轮箱油泵启动失败,2017-06-03 11:21:16.000,2017-06-03 13:29:02.000,7666,齿轮箱,故障和告警
五里坡公司3号一期风电场,HFJ070,5621,齿轮箱润滑泵断路器跳闸,2017-06-03 10:19:48.000,2017-06-03 13:29:02.000,11354,齿轮箱,故障和告警
五里坡公司3号一期风电场,HFJ070,5108,维护模式,2017-06-03 09:50:21.000,2017-06-03 13:34:39.000,13458,控制器,故障和告警
五里坡公司3号一期风电场,HFJ070,5107,塔基手动正常停机,2017-06-03 09:50:21.000,2017-06-03 13:29:02.000,13121,控制器,故障和告警
五里坡公司3号一期风电场,HFJ070,5615,齿轮箱油温高,2017-06-02 01:01:13.000,2017-06-02 01:02:58.000,105,齿轮箱,故障和告警
五里坡公司3号一期风电场,HFJ070,5615,齿轮箱油温高,2017-06-01 23:10:32.000,2017-06-01 23:12:58.000,146,齿轮箱,故障和告警
五里坡公司3号一期风电场,HFJ070,6411,启机等风超时待机,2017-06-01 15:56:22.000,2017-06-01 15:56:42.000,20,超时,故障和告警
五里坡公司3号一期风电场,HFJ070,5922,小风正常停机,2017-06-01 11:34:06.000,2017-06-01 11:34:25.000,19,变流器（控制器部分）,故障和告警
五里坡公司3号一期风电场,HFJ070,5507,偏航自动解缆中,2017-06-01 10:42:14.000,2017-06-01 10:59:21.000,1027,偏航,故障和告警
五里坡公司3号一期风电场,HFJ070,5505,右扭缆超限,2017-06-01 10:42:14.000,2017-06-01 10:42:58.000,44,偏航,故障和告警
五里坡公司3号一期风电场,HFJ070,5507,偏航自动解缆中,2017-05-30 09:31:27.000,2017-05-30 09:48:07.000,1000,偏航,故障和告警
五里坡公司3号一期风电场,HFJ070,6411,启机等风超时待机,2017-05-29 09:54:06.000,2017-05-29 09:54:37.000,31,超时,故障和告警
五里坡公司3号一期风电场,HFJ070,5615,齿轮箱油温高,2017-05-28 22:37:34.000,2017-05-28 22:40:08.000,154,齿轮箱,故障和告警
五里坡公司3号一期风电场,HFJ070,5922,小风正常停机,2017-05-27 12:02:06.000,2017-05-27 12:02:25.000,19,变流器（控制器部分）,故障和告警
五里坡公司3号一期风电场,HFJ070,5107,塔基手动正常停机,2017-05-25 11:19:09.000,2017-05-25 11:24:18.000,309,控制器,故障和告警
五里坡公司3号一期风电场,HFJ070,5108,维护模式,2017-05-25 11:10:41.000,2017-05-25 11:24:18.000,817,控制器,故障和告警
五里坡公司3号一期风电场,HFJ070,5801,高速轴刹车非正常动作,2017-05-25 11:01:59.000,2017-05-25 11:19:09.000,1030,刹车系统,故障和告警
五里坡公司3号一期风电场,HFJ070,5106,机舱手动正常停机,2017-05-25 11:01:21.000,2017-05-25 11:19:09.000,1068,控制器,故障和告警
五里坡公司3号一期风电场,HFJ070,6505,机舱手动正常停机,2017-05-25 11:01:21.000,2017-05-25 11:19:09.000,1068,其他,故障和告警
五里坡公司3号一期风电场,HFJ070,5108,维护模式,2017-05-25 10:03:50.000,2017-05-25 10:57:00.000,3190,控制器,故障和告警
五里坡公司3号一期风电场,HFJ070,5801,高速轴刹车非正常动作,2017-05-25 10:03:50.000,2017-05-25 10:57:00.000,3190,刹车系统,故障和告警
五里坡公司3号一期风电场,HFJ070,5107,塔基手动正常停机,2017-05-25 09:56:05.000,2017-05-25 10:57:00.000,3655,控制器,故障和告警
五里坡公司3号一期风电场,HFJ070,5922,小风正常停机,2017-05-24 15:22:40.000,2017-05-24 15:23:18.000,38,变流器（控制器部分）,故障和告警
五里坡公司3号一期风电场,HFJ070,5504,风向突变,2017-05-23 16:20:33.000,2017-05-23 16:20:56.000,23,偏航,故障和告警
五里坡公司3号一期风电场,HFJ070,5507,偏航自动解缆中,2017-05-23 11:07:42.000,2017-05-23 11:18:48.000,666,偏航,故障和告警
五里坡公司3号一期风电场,HFJ070,5507,偏航自动解缆中,2017-05-12 23:59:10.000,2017-05-13 00:15:25.000,975,偏航,故障和告警
五里坡公司3号一期风电场,HFJ070,5509,机舱位置标定中,2017-05-11 17:42:42.000,2017-05-11 17:51:26.000,524,偏航,故障和告警
五里坡公司3号一期风电场,HFJ070,6501,HMI手动停机,2017-05-11 17:32:44.000,2017-05-11 17:42:42.000,598,控制器,故障和告警
五里坡公司3号一期风电场,HFJ070,5509,机舱位置标定中,2017-05-11 10:35:12.000,2017-05-11 10:38:51.000,219,偏航,故障和告警
五里坡公司3号一期风电场,HFJ070,6501,HMI手动停机,2017-05-11 10:16:48.000,2017-05-11 10:35:12.000,1104,控制器,故障和告警
五里坡公司3号一期风电场,HFJ070,5509,机舱位置标定中,2017-05-10 17:41:07.000,2017-05-10 17:45:44.000,277,偏航,故障和告警
五里坡公司3号一期风电场,HFJ070,64011,手动重启(OS),2017-05-10 17:35:35.000,2017-05-10 17:41:07.000,332,控制器,故障和告警
五里坡公司3号一期风电场,HFJ070,6501,HMI手动停机,2017-05-10 17:33:43.000,2017-05-10 17:41:07.000,444,控制器,故障和告警
五里坡公司3号一期风电场,HFJ070,64011,手动重启(OS),2017-05-10 16:46:07.000,2017-05-10 16:51:37.000,330,控制器,故障和告警
五里坡公司3号一期风电场,HFJ070,5509,机舱位置标定中,2017-05-10 16:43:22.000,2017-05-10 16:53:27.000,605,偏航,故障和告警
五里坡公司3号一期风电场,HFJ070,64011,手动重启(OS),2017-05-10 16:38:47.000,2017-05-10 16:43:22.000,275,控制器,故障和告警
五里坡公司3号一期风电场,HFJ070,6501,HMI手动停机,2017-05-10 16:34:12.000,2017-05-10 16:43:22.000,550,控制器,故障和告警
五里坡公司3号一期风电场,HFJ070,5437,变桨系统内部硬件连接故障,2017-05-10 11:18:24.000,2017-05-10 11:25:53.000,449,桨叶硬件,故障和告警
五里坡公司3号一期风电场,HFJ070,5485,桨叶3刹车电压故障,2017-05-10 11:18:24.000,2017-05-10 11:25:53.000,449,桨叶硬件,故障和告警
五里坡公司3号一期风电场,HFJ070,5479,桨叶2充电器故障,2017-05-10 11:18:24.000,2017-05-10 11:25:53.000,449,桨叶硬件,故障和告警
五里坡公司3号一期风电场,HFJ070,5482,桨叶2充电传感器故障,2017-05-10 11:18:24.000,2017-05-10 11:25:53.000,449,桨叶硬件,故障和告警
五里坡公司3号一期风电场,HFJ070,5483,桨叶1刹车电压故障,2017-05-10 11:18:24.000,2017-05-10 11:25:53.000,449,桨叶硬件,故障和告警
五里坡公司3号一期风电场,HFJ070,5432,变桨系统通讯故障,2017-05-10 11:18:24.000,2017-05-10 11:25:53.000,449,桨叶硬件,故障和告警
五里坡公司3号一期风电场,HFJ070,5484,桨叶2刹车电压故障,2017-05-10 11:18:24.000,2017-05-10 11:25:53.000,449,桨叶硬件,故障和告警
五里坡公司3号一期风电场,HFJ070,5002,安全链2触发,2017-05-10 11:18:24.000,2017-05-10 11:25:53.000,449,安全链,故障和告警
五里坡公司3号一期风电场,HFJ070,5509,机舱位置标定中,2017-05-10 11:18:24.000,2017-05-10 11:35:01.000,997,偏航,故障和告警
五里坡公司3号一期风电场,HFJ070,5941,变流器跳闸,2017-05-10 11:18:24.000,2017-05-10 11:25:53.000,449,变流器（控制器部分）,故障和告警
五里坡公司3号一期风电场,HFJ070,5480,桨叶3充电器故障,2017-05-10 11:18:24.000,2017-05-10 11:25:53.000,449,桨叶硬件,故障和告警
五里坡公司3号一期风电场,HFJ070,5478,桨叶1充电器故障,2017-05-10 11:18:24.000,2017-05-10 11:25:53.000,449,桨叶硬件,故障和告警
五里坡公司3号一期风电场,HFJ070,5481,桨叶2断路器跳闸,2017-05-10 11:18:24.000,2017-05-10 11:25:53.000,449,桨叶硬件,故障和告警
五里坡公司3号一期风电场,HFJ070,6501,HMI手动停机,2017-05-10 11:07:38.000,2017-05-10 11:18:24.000,646,控制器,故障和告警
五里坡公司3号一期风电场,HFJ070,5509,机舱位置标定中,2017-05-09 19:17:48.000,2017-05-09 19:23:28.000,340,偏航,故障和告警
五里坡公司3号一期风电场,HFJ070,64011,手动重启(OS),2017-05-09 19:12:10.000,2017-05-09 19:17:48.000,338,控制器,故障和告警
五里坡公司3号一期风电场,HFJ070,6501,HMI手动停机,2017-05-09 19:11:13.000,2017-05-09 19:17:48.000,395,控制器,故障和告警
五里坡公司3号一期风电场,HFJ070,5505,右扭缆超限,2017-05-08 14:08:25.000,2017-05-08 14:09:35.000,70,偏航,故障和告警
五里坡公司3号一期风电场,HFJ070,5507,偏航自动解缆中,2017-05-08 14:08:25.000,2017-05-08 14:26:31.000,1086,偏航,故障和告警
五里坡公司3号一期风电场,HFJ070,5941,变流器跳闸,2017-05-08 11:03:03.000,2017-05-08 11:09:22.000,379,变流器（控制器部分）,故障和告警
五里坡公司3号一期风电场,HFJ070,5121,能量管理平台停机,2017-05-08 04:40:59.000,2017-05-08 04:43:42.000,163,控制器,故障和告警
五里坡公司3号一期风电场,HFJ070,5121,能量管理平台停机,2017-05-06 04:22:43.000,2017-05-06 04:32:41.000,598,控制器,故障和告警
五里坡公司3号一期风电场,HFJ070,5509,机舱位置标定中,2017-05-03 17:38:57.000,2017-05-03 17:50:33.000,696,偏航,故障和告警
五里坡公司3号一期风电场,HFJ070,5485,桨叶3刹车电压故障,2017-05-03 17:38:57.000,2017-05-03 17:43:48.000,291,桨叶硬件,故障和告警
五里坡公司3号一期风电场,HFJ070,5437,变桨系统内部硬件连接故障,2017-05-03 17:38:57.000,2017-05-03 17:43:48.000,291,桨叶硬件,故障和告警
五里坡公司3号一期风电场,HFJ070,64037,非正常关机(OS),2017-05-03 17:38:57.000,2017-05-03 17:43:48.000,291,控制器,故障和告警
五里坡公司3号一期风电场,HFJ070,5480,桨叶3充电器故障,2017-05-03 17:38:57.000,2017-05-03 17:43:48.000,291,桨叶硬件,故障和告警
五里坡公司3号一期风电场,HFJ070,5481,桨叶2断路器跳闸,2017-05-03 17:38:57.000,2017-05-03 17:43:48.000,291,桨叶硬件,故障和告警
五里坡公司3号一期风电场,HFJ070,5478,桨叶1充电器故障,2017-05-03 17:38:57.000,2017-05-03 17:43:48.000,291,桨叶硬件,故障和告警
五里坡公司3号一期风电场,HFJ070,5002,安全链2触发,2017-05-03 17:38:57.000,2017-05-03 17:43:48.000,291,安全链,故障和告警
五里坡公司3号一期风电场,HFJ070,5941,变流器跳闸,2017-05-03 17:38:57.000,2017-05-03 17:43:48.000,291,变流器（控制器部分）,故障和告警
五里坡公司3号一期风电场,HFJ070,5479,桨叶2充电器故障,2017-05-03 17:38:57.000,2017-05-03 17:43:48.000,291,桨叶硬件,故障和告警
五里坡公司3号一期风电场,HFJ070,5432,变桨系统通讯故障,2017-05-03 17:38:57.000,2017-05-03 17:43:48.000,291,桨叶硬件,故障和告警
五里坡公司3号一期风电场,HFJ070,5484,桨叶2刹车电压故障,2017-05-03 17:38:57.000,2017-05-03 17:43:48.000,291,桨叶硬件,故障和告警
五里坡公司3号一期风电场,HFJ070,5482,桨叶2充电传感器故障,2017-05-03 17:38:57.000,2017-05-03 17:43:48.000,291,桨叶硬件,故障和告警
五里坡公司3号一期风电场,HFJ070,5483,桨叶1刹车电压故障,2017-05-03 17:38:57.000,2017-05-03 17:43:48.000,291,桨叶硬件,故障和告警
五里坡公司3号一期风电场,HFJ070,64011,手动重启(OS),2017-05-03 17:33:12.000,2017-05-03 17:38:57.000,345,控制器,故障和告警
五里坡公司3号一期风电场,HFJ070,6501,HMI手动停机,2017-05-03 17:32:15.000,2017-05-03 17:38:57.000,402,控制器,故障和告警
五里坡公司3号一期风电场,HFJ070,5507,偏航自动解缆中,2017-05-02 21:58:41.000,2017-05-02 22:15:31.000,1010,偏航,故障和告警
五里坡公司3号一期风电场,HFJ070,5505,右扭缆超限,2017-04-30 01:37:21.000,2017-04-30 01:38:19.000,58,偏航,故障和告警
五里坡公司3号一期风电场,HFJ070,5507,偏航自动解缆中,2017-04-30 01:37:21.000,2017-04-30 01:54:40.000,1039,偏航,故障和告警
五里坡公司3号一期风电场,HFJ070,5507,偏航自动解缆中,2017-04-29 16:39:01.000,2017-04-29 16:56:16.000,1035,偏航,故障和告警
五里坡公司3号一期风电场,HFJ070,5505,右扭缆超限,2017-04-29 16:38:03.000,2017-04-29 16:39:01.000,58,偏航,故障和告警
五里坡公司3号一期风电场,HFJ070,5922,小风正常停机,2017-04-28 13:20:13.000,2017-04-28 13:21:13.000,60,变流器（控制器部分）,故障和告警
五里坡公司3号一期风电场,HFJ070,5607,齿轮箱冷却风扇接触器反馈故障,2017-04-24 11:54:15.000,2017-04-24 12:09:44.000,929,齿轮箱,故障和告警
五里坡公司3号一期风电场,HFJ070,5620,齿轮箱冷却风扇断路器跳闸,2017-04-24 11:53:18.000,2017-04-24 12:09:44.000,986,齿轮箱,故障和告警
五里坡公司3号一期风电场,HFJ070,5608,齿轮箱油泵接触器反馈故障,2017-04-24 11:52:21.000,2017-04-24 12:09:44.000,1043,齿轮箱,故障和告警
五里坡公司3号一期风电场,HFJ070,5621,齿轮箱润滑泵断路器跳闸,2017-04-24 11:00:55.000,2017-04-24 12:09:44.000,4129,齿轮箱,故障和告警
五里坡公司3号一期风电场,HFJ070,5108,维护模式,2017-04-24 10:26:10.000,2017-04-24 12:17:35.000,6685,控制器,故障和告警
五里坡公司3号一期风电场,HFJ070,5107,塔基手动正常停机,2017-04-24 10:26:10.000,2017-04-24 12:09:44.000,6214,控制器,故障和告警
五里坡公司3号一期风电场,HFJ070,5922,小风正常停机,2017-04-22 08:32:38.000,2017-04-22 08:33:35.000,57,变流器（控制器部分）,故障和告警
五里坡公司3号一期风电场,HFJ070,5507,偏航自动解缆中,2017-04-20 20:48:04.000,2017-04-20 21:05:51.000,1067,偏航,故障和告警
五里坡公司3号一期风电场,HFJ070,5615,齿轮箱油温高,2017-04-17 18:45:57.000,2017-04-17 18:47:49.000,112,齿轮箱,故障和告警
五里坡公司3号一期风电场,HFJ070,5615,齿轮箱油温高,2017-04-17 16:50:19.000,2017-04-17 16:52:12.000,113,齿轮箱,故障和告警
五里坡公司3号一期风电场,HFJ070,5922,小风正常停机,2017-04-12 11:38:00.000,2017-04-12 11:38:55.000,55,变流器（控制器部分）,故障和告警
五里坡公司3号一期风电场,HFJ070,5922,小风正常停机,2017-04-11 12:41:08.000,2017-04-11 12:42:03.000,55,变流器（控制器部分）,故障和告警
五里坡公司3号一期风电场,HFJ070,5507,偏航自动解缆中,2017-04-02 19:13:38.000,2017-04-02 19:30:12.000,994,偏航,故障和告警
五里坡公司3号一期风电场,HFJ070,5507,偏航自动解缆中,2017-03-29 20:44:15.000,2017-03-29 21:00:57.000,1002,偏航,故障和告警
五里坡公司3号一期风电场,HFJ070,5613,齿轮箱油泵启动失败,2017-03-27 11:10:30.000,2017-03-27 16:54:53.000,20663,齿轮箱,故障和告警
五里坡公司3号一期风电场,HFJ070,5621,齿轮箱润滑泵断路器跳闸,2017-03-27 10:04:55.000,2017-03-27 16:54:53.000,24598,齿轮箱,故障和告警
五里坡公司3号一期风电场,HFJ070,5801,高速轴刹车非正常动作,2017-03-27 09:46:47.000,2017-03-27 16:54:53.000,25686,刹车系统,故障和告警
五里坡公司3号一期风电场,HFJ070,5108,维护模式,2017-03-27 09:40:26.000,2017-03-27 16:54:53.000,26067,控制器,故障和告警
五里坡公司3号一期风电场,HFJ070,5107,塔基手动正常停机,2017-03-27 09:26:48.000,2017-03-27 16:54:53.000,26885,控制器,故障和告警
五里坡公司3号一期风电场,HFJ070,5121,能量管理平台停机,2017-03-27 00:23:22.000,2017-03-27 00:33:29.000,607,控制器,故障和告警
五里坡公司3号一期风电场,HFJ070,5922,小风正常停机,2017-03-26 16:46:00.000,2017-03-26 16:46:54.000,54,变流器（控制器部分）,故障和告警
五里坡公司3号一期风电场,HFJ070,5507,偏航自动解缆中,2017-03-25 11:52:08.000,2017-03-25 12:08:42.000,994,偏航,故障和告警
五里坡公司3号一期风电场,HFJ070,5484,桨叶2刹车电压故障,2017-03-22 17:22:02.000,2017-03-22 17:42:26.000,1224,桨叶硬件,故障和告警
五里坡公司3号一期风电场,HFJ070,5485,桨叶3刹车电压故障,2017-03-22 17:22:02.000,2017-03-22 17:42:26.000,1224,桨叶硬件,故障和告警
五里坡公司3号一期风电场,HFJ070,102,电网电压跌落,2017-03-22 17:22:02.000,2017-03-22 17:25:07.000,185,电网,故障和告警
五里坡公司3号一期风电场,HFJ070,5478,桨叶1充电器故障,2017-03-22 17:22:02.000,2017-03-22 17:42:26.000,1224,桨叶硬件,故障和告警
五里坡公司3号一期风电场,HFJ070,5483,桨叶1刹车电压故障,2017-03-22 17:22:02.000,2017-03-22 17:42:26.000,1224,桨叶硬件,故障和告警
五里坡公司3号一期风电场,HFJ070,5479,桨叶2充电器故障,2017-03-22 17:22:02.000,2017-03-22 17:42:26.000,1224,桨叶硬件,故障和告警
五里坡公司3号一期风电场,HFJ070,5482,桨叶2充电传感器故障,2017-03-22 17:22:02.000,2017-03-22 17:42:26.000,1224,桨叶硬件,故障和告警
五里坡公司3号一期风电场,HFJ070,5480,桨叶3充电器故障,2017-03-22 17:22:02.000,2017-03-22 17:42:26.000,1224,桨叶硬件,故障和告警
五里坡公司3号一期风电场,HFJ070,5432,变桨系统通讯故障,2017-03-22 17:22:02.000,2017-03-22 17:42:26.000,1224,桨叶硬件,故障和告警
五里坡公司3号一期风电场,HFJ070,1029,以太网接收故障,2017-03-22 17:22:02.000,2017-03-22 17:42:26.000,1224,其他,故障和告警
五里坡公司3号一期风电场,HFJ070,5481,桨叶2断路器跳闸,2017-03-22 17:22:02.000,2017-03-22 17:42:26.000,1224,桨叶硬件,故障和告警
五里坡公司3号一期风电场,HFJ070,5002,安全链2触发,2017-03-22 17:22:02.000,2017-03-22 17:43:23.000,1281,安全链,故障和告警
五里坡公司3号一期风电场,HFJ070,5509,机舱位置标定中,2017-03-22 17:22:02.000,2017-03-22 17:55:43.000,2021,偏航,故障和告警
五里坡公司3号一期风电场,HFJ070,5437,变桨系统内部硬件连接故障,2017-03-22 17:22:02.000,2017-03-22 17:42:26.000,1224,桨叶硬件,故障和告警
五里坡公司3号一期风电场,HFJ070,5109,SCADA停机,2017-03-22 12:37:47.000,2017-03-22 17:22:02.000,17055,控制器,故障和告警
五里坡公司3号一期风电场,HFJ070,5602,齿轮箱油压低,2017-03-20 11:22:41.000,2017-03-20 11:39:53.000,1032,齿轮箱,故障和告警
五里坡公司3号一期风电场,HFJ070,5119,机舱手动偏航使能,2017-03-20 10:38:17.000,2017-03-20 11:39:53.000,3696,控制器,故障和告警
五里坡公司3号一期风电场,HFJ070,5531,偏航电机3-4断路器跳闸,2017-03-20 10:34:44.000,2017-03-20 11:39:53.000,3909,偏航驱动,故障和告警
五里坡公司3号一期风电场,HFJ070,5621,齿轮箱润滑泵断路器跳闸,2017-03-20 10:34:44.000,2017-03-20 11:39:53.000,3909,齿轮箱,故障和告警
五里坡公司3号一期风电场,HFJ070,5530,偏航电机1-2断路器跳闸,2017-03-20 10:34:44.000,2017-03-20 11:39:53.000,3909,偏航驱动,故障和告警
五里坡公司3号一期风电场,HFJ070,5801,高速轴刹车非正常动作,2017-03-20 10:33:51.000,2017-03-20 11:39:53.000,3962,刹车系统,故障和告警
五里坡公司3号一期风电场,HFJ070,5108,维护模式,2017-03-20 10:26:43.000,2017-03-20 11:39:53.000,4390,控制器,故障和告警
五里坡公司3号一期风电场,HFJ070,5107,塔基手动正常停机,2017-03-20 10:25:47.000,2017-03-20 11:44:24.000,4717,控制器,故障和告警
五里坡公司3号一期风电场,HFJ070,5507,偏航自动解缆中,2017-03-17 14:35:01.000,2017-03-17 14:52:04.000,1023,偏航,故障和告警
五里坡公司3号一期风电场,HFJ070,5922,小风正常停机,2017-03-08 15:07:47.000,2017-03-08 15:08:42.000,55,变流器（控制器部分）,故障和告警
五里坡公司3号一期风电场,HFJ070,5507,偏航自动解缆中,2017-03-07 15:54:29.000,2017-03-07 16:11:47.000,1038,偏航,故障和告警
五里坡公司3号一期风电场,HFJ070,5507,偏航自动解缆中,2017-03-06 15:21:24.000,2017-03-06 15:39:12.000,1068,偏航,故障和告警
五里坡公司3号一期风电场,HFJ070,5505,右扭缆超限,2017-03-06 15:21:24.000,2017-03-06 15:22:19.000,55,偏航,故障和告警
五里坡公司3号一期风电场,HFJ070,5003,风轮过转速(H),2017-03-04 12:49:28.000,2017-03-04 12:54:57.000,329,安全链,故障和告警
五里坡公司3号一期风电场,HFJ070,5941,变流器跳闸,2017-03-04 12:49:28.000,2017-03-04 12:54:57.000,329,变流器（控制器部分）,故障和告警
五里坡公司3号一期风电场,HFJ070,64025,主控制器安全链输入丢失(OS),2017-03-04 12:49:28.000,2017-03-04 12:55:52.000,384,控制器,故障和告警
五里坡公司3号一期风电场,HFJ070,5001,硬件看门狗触发安全链,2017-03-04 12:49:28.000,2017-03-04 12:54:57.000,329,安全链,故障和告警
五里坡公司3号一期风电场,HFJ070,5002,安全链2触发,2017-03-04 12:49:28.000,2017-03-04 12:56:46.000,438,安全链,故障和告警
五里坡公司3号一期风电场,HFJ070,5004,发电机过转速(H),2017-03-04 12:49:28.000,2017-03-04 12:54:57.000,329,安全链,故障和告警
五里坡公司3号一期风电场,HFJ070,5922,小风正常停机,2017-03-04 04:36:56.000,2017-03-04 04:37:50.000,54,变流器（控制器部分）,故障和告警
五里坡公司3号一期风电场,HFJ070,5481,桨叶2断路器跳闸,2017-03-03 12:29:15.000,2017-03-03 12:31:11.000,116,桨叶硬件,故障和告警
五里坡公司3号一期风电场,HFJ070,1029,以太网接收故障,2017-03-03 12:29:15.000,2017-03-03 12:42:09.000,774,其他,故障和告警
五里坡公司3号一期风电场,HFJ070,5432,变桨系统通讯故障,2017-03-03 12:29:15.000,2017-03-03 12:31:11.000,116,桨叶硬件,故障和告警
五里坡公司3号一期风电场,HFJ070,5484,桨叶2刹车电压故障,2017-03-03 12:29:15.000,2017-03-03 12:31:11.000,116,桨叶硬件,故障和告警
五里坡公司3号一期风电场,HFJ070,5480,桨叶3充电器故障,2017-03-03 12:29:15.000,2017-03-03 12:31:11.000,116,桨叶硬件,故障和告警
五里坡公司3号一期风电场,HFJ070,5509,机舱位置标定中,2017-03-03 12:29:15.000,2017-03-03 12:52:34.000,1399,偏航,故障和告警
五里坡公司3号一期风电场,HFJ070,5478,桨叶1充电器故障,2017-03-03 12:29:15.000,2017-03-03 12:31:11.000,116,桨叶硬件,故障和告警
五里坡公司3号一期风电场,HFJ070,5002,安全链2触发,2017-03-03 12:29:15.000,2017-03-03 12:42:09.000,774,安全链,故障和告警
五里坡公司3号一期风电场,HFJ070,5437,变桨系统内部硬件连接故障,2017-03-03 12:29:15.000,2017-03-03 12:31:11.000,116,桨叶硬件,故障和告警
五里坡公司3号一期风电场,HFJ070,5483,桨叶1刹车电压故障,2017-03-03 12:29:15.000,2017-03-03 12:31:11.000,116,桨叶硬件,故障和告警
五里坡公司3号一期风电场,HFJ070,5482,桨叶2充电传感器故障,2017-03-03 12:29:15.000,2017-03-03 12:31:11.000,116,桨叶硬件,故障和告警
五里坡公司3号一期风电场,HFJ070,5485,桨叶3刹车电压故障,2017-03-03 12:29:15.000,2017-03-03 12:31:11.000,116,桨叶硬件,故障和告警
五里坡公司3号一期风电场,HFJ070,5479,桨叶2充电器故障,2017-03-03 12:29:15.000,2017-03-03 12:31:11.000,116,桨叶硬件,故障和告警
五里坡公司3号一期风电场,HFJ070,102,电网电压跌落,2017-03-03 08:49:23.000,2017-03-03 12:29:15.000,13192,电网,故障和告警
五里坡公司3号一期风电场,HFJ070,111,电网电压低,2017-03-03 08:49:23.000,2017-03-03 12:29:15.000,13192,电网,故障和告警
五里坡公司3号一期风电场,HFJ070,5109,SCADA停机,2017-03-03 08:45:00.000,2017-03-03 12:29:15.000,13455,控制器,故障和告警
五里坡公司3号一期风电场,HFJ070,5507,偏航自动解缆中,2017-02-26 02:24:43.000,2017-02-26 02:42:07.000,1044,偏航,故障和告警
五里坡公司3号一期风电场,HFJ070,6501,HMI手动停机,2017-02-22 16:34:35.000,2017-02-22 16:38:04.000,209,控制器,故障和告警
五里坡公司3号一期风电场,HFJ070,5801,高速轴刹车非正常动作,2017-02-22 16:33:42.000,2017-02-22 16:48:24.000,882,刹车系统,故障和告警
五里坡公司3号一期风电场,HFJ070,5108,维护模式,2017-02-22 16:33:42.000,2017-02-22 16:48:24.000,882,控制器,故障和告警
五里坡公司3号一期风电场,HFJ070,5509,机舱位置标定中,2017-02-22 16:33:42.000,2017-02-22 16:57:02.000,1400,偏航,故障和告警
五里坡公司3号一期风电场,HFJ070,5483,桨叶1刹车电压故障,2017-02-22 16:31:56.000,2017-02-22 16:33:42.000,106,桨叶硬件,故障和告警
五里坡公司3号一期风电场,HFJ070,5482,桨叶2充电传感器故障,2017-02-22 16:31:56.000,2017-02-22 16:33:42.000,106,桨叶硬件,故障和告警
五里坡公司3号一期风电场,HFJ070,1029,以太网接收故障,2017-02-22 16:31:56.000,2017-02-22 16:33:42.000,106,其他,故障和告警
五里坡公司3号一期风电场,HFJ070,5485,桨叶3刹车电压故障,2017-02-22 16:31:56.000,2017-02-22 16:33:42.000,106,桨叶硬件,故障和告警
五里坡公司3号一期风电场,HFJ070,5484,桨叶2刹车电压故障,2017-02-22 16:31:56.000,2017-02-22 16:33:42.000,106,桨叶硬件,故障和告警
五里坡公司3号一期风电场,HFJ070,5011,主断路器跳闸,2017-02-22 16:31:56.000,2017-02-22 16:33:42.000,106,安全链,故障和告警
五里坡公司3号一期风电场,HFJ070,5005,过振动(H),2017-02-22 16:31:56.000,2017-02-22 16:33:42.000,106,安全链,故障和告警
五里坡公司3号一期风电场,HFJ070,5001,硬件看门狗触发安全链,2017-02-22 16:31:56.000,2017-02-22 16:33:42.000,106,安全链,故障和告警
五里坡公司3号一期风电场,HFJ070,64025,主控制器安全链输入丢失(OS),2017-02-22 16:31:56.000,2017-02-22 16:33:42.000,106,控制器,故障和告警
五里坡公司3号一期风电场,HFJ070,5002,安全链2触发,2017-02-22 16:31:56.000,2017-02-22 16:33:42.000,106,安全链,故障和告警
五里坡公司3号一期风电场,HFJ070,5437,变桨系统内部硬件连接故障,2017-02-22 16:31:56.000,2017-02-22 16:33:42.000,106,桨叶硬件,故障和告警
五里坡公司3号一期风电场,HFJ070,5003,风轮过转速(H),2017-02-22 16:31:56.000,2017-02-22 16:33:42.000,106,安全链,故障和告警
五里坡公司3号一期风电场,HFJ070,5012,安全链1触发,2017-02-22 16:31:56.000,2017-02-22 16:33:42.000,106,安全链,故障和告警
五里坡公司3号一期风电场,HFJ070,5481,桨叶2断路器跳闸,2017-02-22 16:31:56.000,2017-02-22 16:33:42.000,106,桨叶硬件,故障和告警
五里坡公司3号一期风电场,HFJ070,5004,发电机过转速(H),2017-02-22 16:31:56.000,2017-02-22 16:33:42.000,106,安全链,故障和告警
五里坡公司3号一期风电场,HFJ070,5010,安全继电器触发,2017-02-22 16:31:56.000,2017-02-22 16:33:42.000,106,安全链,故障和告警
五里坡公司3号一期风电场,HFJ070,5431,轮毂温度低,2017-02-22 15:57:16.000,2017-02-22 16:00:46.000,210,桨叶硬件,故障和告警
五里坡公司3号一期风电场,HFJ070,5613,齿轮箱油泵启动失败,2017-02-22 13:57:31.000,2017-02-22 16:31:56.000,9265,齿轮箱,故障和告警
五里坡公司3号一期风电场,HFJ070,5621,齿轮箱润滑泵断路器跳闸,2017-02-22 12:51:19.000,2017-02-22 16:31:56.000,13237,齿轮箱,故障和告警
五里坡公司3号一期风电场,HFJ070,5431,轮毂温度低,2017-02-22 11:14:34.000,2017-02-22 12:40:21.000,5147,桨叶硬件,故障和告警
五里坡公司3号一期风电场,HFJ070,5432,变桨系统通讯故障,2017-02-22 10:52:21.000,2017-02-22 16:33:42.000,20481,桨叶硬件,故障和告警
五里坡公司3号一期风电场,HFJ070,5480,桨叶3充电器故障,2017-02-22 10:48:54.000,2017-02-22 16:33:42.000,20688,桨叶硬件,故障和告警
五里坡公司3号一期风电场,HFJ070,5479,桨叶2充电器故障,2017-02-22 10:48:03.000,2017-02-22 16:33:42.000,20739,桨叶硬件,故障和告警
五里坡公司3号一期风电场,HFJ070,5478,桨叶1充电器故障,2017-02-22 10:47:11.000,2017-02-22 16:33:42.000,20791,桨叶硬件,故障和告警
五里坡公司3号一期风电场,HFJ070,6401,系统初始化超时待机,2017-02-22 10:37:43.000,2017-02-22 16:31:56.000,21253,超时,故障和告警
五里坡公司3号一期风电场,HFJ070,6107,桨叶3BTB错误,2017-02-22 10:36:49.000,2017-02-22 16:31:56.000,21307,桨叶软件,故障和告警
五里坡公司3号一期风电场,HFJ070,5492,桨叶1 400伏异常,2017-02-22 10:36:49.000,2017-02-22 16:31:56.000,21307,桨叶硬件,故障和告警
五里坡公司3号一期风电场,HFJ070,6108,变桨紧急事件触发,2017-02-22 10:36:49.000,2017-02-22 16:31:56.000,21307,桨叶软件,故障和告警
五里坡公司3号一期风电场,HFJ070,6105,桨叶1BTB错误,2017-02-22 10:36:49.000,2017-02-22 16:31:56.000,21307,桨叶软件,故障和告警
五里坡公司3号一期风电场,HFJ070,5487,桨叶2 24V电压故障,2017-02-22 10:36:49.000,2017-02-22 16:31:56.000,21307,桨叶硬件,故障和告警
五里坡公司3号一期风电场,HFJ070,5431,轮毂温度低,2017-02-22 10:36:49.000,2017-02-22 11:09:56.000,1987,桨叶硬件,故障和告警
五里坡公司3号一期风电场,HFJ070,6106,桨叶2BTB错误,2017-02-22 10:36:49.000,2017-02-22 16:31:56.000,21307,桨叶软件,故障和告警
五里坡公司3号一期风电场,HFJ070,5801,高速轴刹车非正常动作,2017-02-22 10:21:51.000,2017-02-22 16:31:56.000,22205,刹车系统,故障和告警
五里坡公司3号一期风电场,HFJ070,5108,维护模式,2017-02-22 09:59:59.000,2017-02-22 16:31:56.000,23517,控制器,故障和告警
五里坡公司3号一期风电场,HFJ070,5107,塔基手动正常停机,2017-02-22 09:59:07.000,2017-02-22 16:31:56.000,23569,控制器,故障和告警
五里坡公司3号一期风电场,HFJ070,5121,能量管理平台停机,2017-02-15 15:32:06.000,2017-02-15 15:41:52.000,586,控制器,故障和告警
五里坡公司3号一期风电场,HFJ070,5505,右扭缆超限,2017-02-07 20:24:35.000,2017-02-07 20:25:27.000,52,偏航,故障和告警
五里坡公司3号一期风电场,HFJ070,5507,偏航自动解缆中,2017-02-07 20:24:35.000,2017-02-07 20:42:27.000,1072,偏航,故障和告警
五里坡公司3号一期风电场,HFJ070,5507,偏航自动解缆中,2017-01-26 21:55:25.000,2017-01-26 22:12:45.000,1040,偏航,故障和告警
五里坡公司3号一期风电场,HFJ070,5922,小风正常停机,2017-01-26 17:43:55.000,2017-01-26 17:44:46.000,51,变流器（控制器部分）,故障和告警
五里坡公司3号一期风电场,HFJ070,5121,能量管理平台停机,2017-01-25 21:50:01.000,2017-01-25 22:39:49.000,2988,控制器,故障和告警
五里坡公司3号一期风电场,HFJ070,5507,偏航自动解缆中,2017-01-24 13:35:58.000,2017-01-24 13:52:27.000,989,偏航,故障和告警
五里坡公司3号一期风电场,HFJ070,6411,启机等风超时待机,2017-01-23 02:53:21.000,2017-01-23 02:54:12.000,51,超时,故障和告警
五里坡公司3号一期风电场,HFJ070,5507,偏航自动解缆中,2017-01-20 12:02:40.000,2017-01-20 12:20:12.000,1052,偏航,故障和告警
五里坡公司3号一期风电场,HFJ070,5506,左扭缆超限,2017-01-20 12:02:40.000,2017-01-20 12:03:32.000,52,偏航,故障和告警
五里坡公司3号一期风电场,HFJ070,6411,启机等风超时待机,2017-01-15 08:42:07.000,2017-01-15 08:42:58.000,51,超时,故障和告警
五里坡公司3号一期风电场,HFJ070,5922,小风正常停机,2017-01-12 19:27:25.000,2017-01-12 19:28:15.000,50,变流器（控制器部分）,故障和告警
五里坡公司3号一期风电场,HFJ070,5922,小风正常停机,2017-01-05 14:04:42.000,2017-01-05 14:05:36.000,54,变流器（控制器部分）,故障和告警
五里坡公司3号一期风电场,HFJ070,5001,硬件看门狗触发安全链,2017-01-04 01:48:16.000,2017-01-04 02:37:49.000,2973,安全链,故障和告警
五里坡公司3号一期风电场,HFJ070,5002,安全链2触发,2017-01-04 01:48:16.000,2017-01-04 02:38:42.000,3026,安全链,故障和告警
五里坡公司3号一期风电场,HFJ070,64025,主控制器安全链输入丢失(OS),2017-01-04 01:48:16.000,2017-01-04 02:38:42.000,3026,控制器,故障和告警
五里坡公司3号一期风电场,HFJ070,5003,风轮过转速(H),2017-01-04 01:48:16.000,2017-01-04 02:37:49.000,2973,安全链,故障和告警
五里坡公司3号一期风电场,HFJ070,5004,发电机过转速(H),2017-01-04 01:48:16.000,2017-01-04 02:37:49.000,2973,安全链,故障和告警
五里坡公司3号一期风电场,HFJ070,5941,变流器跳闸,2017-01-04 01:48:16.000,2017-01-04 02:37:49.000,2973,变流器（控制器部分）,故障和告警
